Tên tiếng việt,Ngành tiếng việt,Tên tiếng anh,Work/ Life Balance,Career Opportunity,Avg Salary,Skill,Group,Mô tả,Ví dụ về nơi làm việc 
Biên tập viên nhà xuất bản,Báo chí – Thông tin – Truyền thông,Editor/ Publisher,2,0,2,"[3.12, 3.88, 3.12,  3.0, 3.88,  1.0,  1.0,  1.0,  3.0, 3.12, 2.88,  1.5, 1.38,
  3.0, 2.12,  3.0,  3.0, 1.25,  2.0, 1.88,  3.0, 1.62, 3.25, 4.88,  1.0,  1.0,
 2.62, 3.12, 3.75, 3.12,  2.5, 1.62, 3.38,  1.0, 4.25]",18,"Biên tập viên làm việc với các tác
giả, giúp họ trình bày tác phẩm
của họ một cách lôi cuốn, chỉnh
sửa và hoàn thiện bản thảo. Ngày
nay, với sự phát triển của
internet, ngành xuất bản cũng
được mở rộng. Các biên tập viên
cũng tham gia xây dựng nội dung
trên mạng và kiểm tra xem các
nội dung này có sử dụng ngôn
ngữ chính xác và trình bày một
cách hấp dẫn hay không","• Các nhà xuất bản
• Các phòng ban
phụ trách công
việc xuất bản của
các trường ĐH
• Báo
• Tạp chí
• Các doanh nghiệp
kinh doanh mạng
thông tin internet"
Bác sĩ  trị liệu ngôn ngữ,,Speech Therapist,2,2,2,"[3.39,  4.0, 3.31, 3.27, 3.65, 1.42, 1.61, 1.01,  3.3, 3.42,  3.2, 1.71, 1.83,
  2.7, 2.17, 3.62, 2.83, 1.81, 2.25, 2.24,  3.0,  1.5, 2.11, 3.69, 1.29, 2.29,
  3.7, 3.84, 3.81, 2.83, 2.82, 1.87, 3.17, 1.82, 3.48]",24,,
Bác sĩ Thú y,Thú y,Veterinarian,0,1,2,"[ 4.0, 4.12, 3.88, 3.12, 3.88, 1.12, 1.75,  1.0,  3.0, 3.88,  3.0,  2.0,  2.0,
  3.0, 3.12, 3.25, 2.88, 1.88, 2.75, 2.25, 2.88, 1.25, 2.12, 4.12,  1.0, 3.88,
 3.38, 3.25, 3.88, 2.88,  3.0, 1.88, 3.25, 1.88,  3.5]",5,"Chuyên gia thú y áp dụng các nguyên tắc y học để điều trị và kiểm soát dịch bệnh trong gia súc gia cầm và vật nuôi. Họ tiến hành nghiên cứu, cải tiến, phát triển các khái niệm, học thuyết và phương pháp hoạt động, và áp dụng các kiến thức y khoa vào lĩnh vực thú y","•	Làm việc trong bệnh viện thú y
•	Làm việc trong các viện nghiên cứu chuyên ngành khác nhau của khoa học thú y
•	Làm việc trong nhà máy sữa, các công ty dược phẩm, trang trại gia cầm và trang trại nuôi heo
•	Làm việc trong phòng khám thú y tư nhân
"
Bác sĩ thính học,Chăm sóc sức khỏe,Audiologist ,1,0,2,"[ 4.0, 4.12, 3.62, 3.38,  4.0, 2.12, 2.12, 1.25, 3.12, 3.75, 3.38, 1.88, 1.88,
 2.88, 2.88, 3.75, 2.88, 2.12, 2.88,  3.0, 3.12, 1.75,  3.0, 4.12, 2.12,  3.0,
 3.62,  4.0,  4.0, 3.12, 3.12, 1.88, 3.25, 2.12,  4.0]",9,"Bác sĩ thính học và đặc trị các khuyết tật về ngôn ngữ xác định loại và mức độ khuyết tật ảnh hưởng đến chức năng nghe, nói, giao tiếp và nhai nuốt của con người. Họ chỉ định phương tiện hỗ trợ, thực hiện liệu pháp phục hồi chức năng và tư vấn cho bệnh nhân.","•	Bệnh viện tư nhân và Nhà nước
•	Trung tâm phục hồi chức năng
•	Phòng thí nghiệm nghiên cứu phát triển các phương pháp mới để chẩn đoán và điều trị các vấn đề liên quan đến thính giác và lời nói
•	Mở phòng khám của riêng bạn
"
Chuyên gia bảo vệ môi trường,Môi trường và bảo vệ môi trường,Environmental Specialist,2,1,1,"[3.62,  4.0, 3.62,  3.5,  4.0, 1.12, 1.12,  1.0, 3.12, 3.38,  3.0, 2.12, 2.12,
 2.88, 3.38,  3.5, 2.75, 2.12, 2.88,  2.5,  3.0,  2.0, 2.75,  4.0,  1.0, 3.88,
  3.0, 3.12, 3.88,  3.0, 2.88,  2.0, 3.12, 2.12, 3.88]",20,"Chuyên gia bảo vệ môi trường nghiên cứu, đánh giá và quản lí tác động của các hoạt động của con người đối với môi trường tự nhiên và nhân tạo. Họ áp dụng chuyên môn vào quản lí ô nhiễm, quản lí chất thải, ứng phó với biến đổi khí hậu và sự cạn kiệt, thoái hóa các nguồn lực tự nhiên. Họ xây dựng các kế hoạch, giải pháp để bảo vệ, bảo tồn, phục hồi, giảm thiểu tác hại tới môi trường","•	Các trung tâm, viện nghiên cứu
•	Các tổ chức hàn lâm, trường ĐH, CĐ
•	Các cơ quan Nhà nước
•	Các công ty tư vấn kĩ thuật tư nhân
•	Các nhà máy và xí nghiệp có hệ thống kiểm soát ô nhiễm và quản lí chất thải
•	Các tổ chức BVMT"
Chuyên gia công nghệ thực phẩm và đồ uống,"Sản xuất, chế biến",Food and Drink Technologist,1,0,0,"[3.75,  4.0, 3.88,  3.0, 3.88,  1.0, 1.62,  1.0,  3.0, 3.75,  3.0,  2.0,  2.0,
 2.75, 3.12, 3.88,  3.0, 2.12, 2.25, 2.88,  3.0, 1.62, 3.25,  4.0,  1.0, 3.38,
  3.0, 3.12, 3.88, 3.25, 3.25, 1.88,  3.0, 2.12,  4.0]",7,"Chuyên gia công nghệ thực phẩm và đồ uống cải tiến các kĩ thuật chế biến, bảo quản, sử dụng và đánh giá thành phần thực phẩm và đồ uống từ động thực vật hoặc nguyên liệu nhân tạo.","•	Các công ty chế biến thực phẩm đồ uống
•	Bệnh viện
•	Cơ sở dịch vụ ăn uống
•	Cơ quan kiểm tra chất lượng
•	Phòng thí nghiệm công nghệ thực phẩm"
Chuyên gia dinh dưỡng,Chăm sóc sức khỏe,Dietitians ,1,1,2,"[3.62,  4.0, 3.88, 3.75,  4.0,  1.0,  1.0,  1.0, 3.75,  4.0, 3.75, 2.75, 2.75,
 2.88,  3.0, 3.88, 3.12,  1.0, 3.12, 1.88, 3.38, 1.75, 2.88,  4.0,  1.0, 3.25,
 3.88,  4.0,  4.0, 3.12, 3.25, 1.75, 3.25,  1.5, 3.88]",12,"Chuyên gia dinh dưỡng tiến hành nghiên cứu, cải tiến và phát triển các khái niệm, phương pháp thực hiện liên quan đến việc chuẩn bị, áp dụng các chế độ ăn uống cho điều trị và các mục đích khác","•	Bệnh viện hoặc nhà dưỡng lão
•	Trường học hoặc các tổ chức
•	Khách sạn
•	Chính quyền địa phương hoặc các cơ quan Nhà nước
•	Trung tâm nghiên cứu
•	Ngành công nghiệp thực phẩm"
Chuyên gia dịch vụ pháp lí,Pháp luật,Legal Services Specialist,2,2,0,"[2.75, 3.75, 2.88,  3.0, 3.12,  1.0,  1.0,  1.0,  2.0, 2.75, 2.25, 1.25, 1.12,
  2.0,  2.0,  3.0, 2.38,  1.0, 1.12,  2.0, 2.75, 1.38, 2.12, 3.88,  1.0,  1.0,
 2.75,  3.0, 3.75,  2.0,  2.0,  1.0, 3.25,  1.0, 3.88]",22,"Chuyên gia dịch vụ pháp lí, còn gọi là thư kí luật, sử dụng kiến thức chuyên môn để trợ giúp các chuyên gia pháp lí trong thông tin liên lạc, tài liệu, hỗ trợ nội bộ, hỗ trợ thủ tục và các hoạt động phối hợp quản lí nội bộ trong các văn phòng luật sư, ban pháp chế của các doanh nghiệp lớn và các cơ quan Nhà nước. Họ cũng có thể hỗ trợ các nhà quản lí, chuyên gia pháp lí, các chuyên gia kinh tế có liên quan đến các vấn đề pháp lí, bao gồm cả những người có liên quan đến hợp đồng bảo hiểm, cho vay vốn và các giao dịch tài chính khác","•	Các văn phòng luật
•	Ban pháp chế của các doanh nghiệp lớn
•	Chính phủ
"
Chuyên gia phát triển phần mềm,Máy tính và Công nghệ thông tin,Software Developer,2,2,1,"[ 3.5,  3.5, 3.62,  3.0, 3.75,  1.0,  2.0, 1.25, 2.75, 3.38, 2.88, 1.75, 1.75,
 2.38, 2.75,  3.0, 2.75, 1.62, 3.62, 2.25, 2.88, 4.12, 2.75, 3.62,  1.0,  2.0,
 2.88, 2.88, 3.25, 3.12,  3.0,  2.5,  3.0, 2.12, 3.12]",23,"Chuyên gia phát triển phần mềm nghiên cứu, phân tích và đánh giá các yêu cầu đối với các phần mềm ứng dụng sẵn có hoặc phần mềm và hệ điều hành mới. Họ thiết kế, phát triển, thử nghiệm và duy trì các giải pháp phần mềm nhằm đáp ứng tất cả các yêu cầu.","•        Lập trình viên cho các công ty phần mềm
•        Tư vấn phát triển phần        mềm chuyên dụng cho các ngành nghề, công ti
•        Kiểm tra, bảo trì, quản trị hệ thống phần mềm cho các tổ chức, công ti
•        Làm việc trong các tổ chức giáo dục giảng dạy và nghiên cứu các vấn đề liên quan đến lĩnh vực này
•        Chuyên gia phát triển phần mềm độc lập
"
Chuyên gia phân tích tài chính,Kinh doanh và Quản lý,Financial Analyst,2,2,2,"[ 3.5, 3.75, 3.88, 3.12, 4.12,  1.0, 1.12,  1.0, 3.12, 3.62,  3.0, 2.75, 1.88,
 2.62, 4.25,  3.0, 2.62, 1.25, 1.88, 1.75, 3.25, 2.75, 1.88,  4.0,  1.0, 1.88,
  2.5,  3.0, 3.75, 3.25, 3.25, 1.75,  3.0, 1.12, 3.38]",24,Chuyên gia phân tích tài chính ,"•	Ngân hàng
•	Các công ty bảo hiểm
•	Các quĩ chung.
•	Các	công	ty chứng khoán
•	Người môi giới chứng khoán.
•	Tư vấn tài chính
•	Quản lí tài chính
"
Chuyên gia phục hồi chức năng nghề nghiệp,Chăm sóc sức khỏe,Occupational Therapist,1,1,2,"[3.88, 4.12, 3.25, 3.75,  4.0,  1.0, 1.25,  1.0,  4.0,  4.0, 3.88, 2.25, 2.12,
  3.0,  2.0, 4.12,  3.0, 1.62, 3.12, 2.12,  3.0, 1.75, 2.12,  4.0,  1.0, 2.75,
 4.12,  4.0,  4.0, 3.12, 3.12, 1.88, 3.75, 1.88,  4.0]",12,"Chuyên gia phục hồi chức năng nghề nghiệp giúp đỡ bệnh nhân trong quá trình phục hồi nghề nghiệp sau khi bị bệnh hoặc tai nạn bằng cách đưa họ tham gia các công việc mang tính sáng tạo, nghề nghiệp hoặc thủ công như làm vườn, tập thể dục, trò chơi và âm nhạc theo hướng dẫn của bác sĩ.","•	Bệnh viện
•	Cơ sở chăm sóc sức khỏe cộng đồng
•	Trường học
•	Trung tâm phục hồi chức năng"
Chuyên gia quản trị bất động sản,Kinh doanh và Quản lý,Real Estate Administrator,2,2,1,"[ 3.0, 3.75, 3.12, 3.62,  3.5,  1.0, 1.12,  1.0, 2.75, 3.12, 2.75,  3.0, 2.88,
 3.12,  3.0, 3.12,  3.5,  1.5, 2.12, 1.75, 3.25,  1.5,  2.0, 3.88,  1.0, 1.38,
  3.0, 3.25,  4.0, 2.12, 2.12, 1.25,  3.0, 1.62, 3.62]",23,"Chuyên gia quản trị bất động sản, còn gọi là đại lí bất động sản và quản lí tài sản, thay mặt khách hàng sắp xếp việc mua, bán, cho thuê bất động sản, tài sản và hưởng lợi trên cơ sở nhận hoa hồng từ các thương vụ thực hiện được.","•	Các công ty bất động sản
•	Tự mở công ty bất động sản
"
Chuyên gia vật lí trị liệu,Chăm sóc sức khỏe,Physiotherapist,1,1,2,"[3.12,  4.0, 3.38, 3.25,  4.0, 1.38, 1.75, 1.12, 3.38, 3.75, 3.12,  2.0,  2.0,
 2.88, 2.12, 3.88,  3.0,  2.0, 2.75, 2.25,  3.0, 1.62,  2.0,  4.0, 1.38, 2.62,
  4.0,  4.0,  4.0, 3.12, 3.12, 1.88, 3.62,  2.0, 3.88]",12,"Chuyên gia vật lí trị liệu tiến hành trị liệu các rối loạn về xương, cơ và các bộ phận của hệ tuần hoàn hoặc hệ thần kinh. Khách hàng của họ bao gồm những người khuyết tật, bị bệnh tâm thần, người già và những người đang phục hồi sau bệnh tật, tai nạn hoặc phẫu thuật.","•	Bệnh viện, cơ sở y tế
•	Trung tâm phục hồi chức năng
•	Câu lạc bộ thể thao, đội thể thao
•	Phòng khám thể
thao
•	Phòng tập gym, trung tâm thể dục
•	Phòng	khám riêng"
Chuyên viên lưu trữ văn thư và quản lí bảo tàng,Báo chí – Thông tin – Truyền thông,Archivist ,2,0,1,"[3.25, 3.88, 3.25,  3.0, 3.38,  1.0,  1.0,  1.0,  3.0, 3.25, 2.88,  2.0, 2.25,
 2.88,  2.0,  3.0, 2.75,  1.0, 2.12,  2.0, 2.75, 1.75,  2.0,  4.0,  1.0,  2.0,
 3.12, 2.75, 3.25, 2.88,  2.5, 1.88, 3.12, 1.62,  4.0]",17,"Một hệ thống lưu trữ bảo tàng là
tập hợp các ghi chép theo lịch sử,
bao gồm chữ cái, giấy tờ, hình
ảnh, nhật kí hay bất kì loại hiện
vật nào khác. Hệ thống này cũng
đánh dấu vị trí lưu trữ những hồ
sơ đó. Chuyên viên lưu trữ văn
thư và quản lí bảo tàng tiến hành
nghiên cứu, thu thập, đánh giá và
bảo vệ, bảo tồn các nội dung tài
liệu, hiện vật có giá trị lịch sử, văn
hóa và nghệ thuật, đồng thời tổ
chức trưng bày tại bảo tàng và
triển lãm nghệ thuật","• Cục, chi cục văn
thư lưu trữ Nhà
nước
• Các đơn vị lưu trữ
của các cơ quan
trung ương,
chính quyền địa
phương, các
doanh nghiệp
công nghiệp và
thương mại, các
trường ĐH, bệnh
viện, tổ chức từ
thiện, các tổ chức
tôn giáo, xã hội
và thư viện lịch
sử.
• Bảo tàng, phòng
trưng bày triển
lãm"
Chuyên viên quan hệ công chúng,Báo chí – Thông tin – Truyền thông,Public Relations Officer,2,2,1,"[3.38, 4.12, 3.38, 3.88, 3.88,  1.0,  1.0,  1.0,  3.0,  3.5, 2.88, 1.88, 1.75,
 2.62,  2.0,  3.0, 3.25,  1.0, 2.75, 1.62, 3.75, 1.38, 1.38,  4.0,  1.0,  1.5,
 3.12,  4.0, 4.12, 3.12, 3.25, 1.75, 3.88,  1.0,  4.0]",23,"Chuyên viên quan hệ công chúng,
còn được gọi là cán bộ truyền
thông, là người giữ nhiệm vụ kết
nối giữa tổ chức, doanh nghiệp
với thế giới bên ngoài. Họ đảm
bảo rằng các thông tin chính xác
về tổ chức, doanh nghiệp, khách
hàng, sản phẩm hoặc người sử
dụng lao động được các đối
tượng công chúng biết đến","• Bộ phận truyền
thông của doanh
nghiệp và các tổ
chức chính phủ.
Ví dụ như hầu hết
các doanh nghiệp
lớn hiện nay đều
có bộ phận quan
hệ cộng đồng
doanh nghiệp.
• Các doanh nghiệp
dịch vụ quan hệ
công chúng. Các
doanh nghiệp này
được các tổ chức
thuê triển khai
thực hiện các sự
kiện đặc biệt như
ra mắt sản"
Cán bộ kĩ thuật xây dựng,Kiến trúc và xây dựng,Civil Engineering Technician,1,2,0,"[2.88, 3.75, 3.12,  3.0, 3.88,  1.0, 1.12,  1.0, 2.38, 3.12, 2.25, 2.12, 2.12,
 2.25, 3.62, 3.25,  2.5, 2.12, 2.62, 2.38,  2.5, 1.88, 2.12, 3.75,  1.0, 2.75,
 2.75, 2.88, 3.38, 2.88, 2.75, 1.75, 2.88, 1.75, 3.25]",13,"Cán bộ kĩ thuật xây dựng thực hiện các nhiệm vụ kĩ thuật trong nghiên cứu kĩ thuật dân dụng, thiết kế, xây dựng, thực hiện, duy tu và sửa chữa các nhà cao tầng và các công trình xây dựng khác như cung cấp nước, hệ thống xử lí nước thải, cầu, đường, đập nước và sân bay.","•	Các công ty xây dựng
•	Các phòng quản lí nhà đất - đô thị quận, huyện, phường, xã hoặc các ban dự án xây dựng công trình
•	Tự kinh doanh độc lập
"
Cán bộ kĩ thuật điện trong phát và truyền tải điện,Kỹ thuật,Electrical Engineering Technician and Operator ,2,2,0,"[3.12, 3.38,  3.5, 3.03, 3.69, 2.94, 2.66, 1.97, 2.84, 3.16, 2.69, 2.03, 2.12,
 2.59, 3.19, 3.19, 2.38, 2.78,  2.5, 3.18, 2.63, 2.19, 3.09, 3.56, 2.94, 2.72,
 2.69, 2.84, 3.25, 3.12, 2.97, 2.46, 3.06, 3.28, 3.12]",22,"Cán bộ kĩ thuật điện trong phát và truyền tải điện làm công việc vận hành bảng điều khiển và máy móc thiết bị của nhà máy phát điện và các công ty truyền tải, hoặc sửa chữa bảo dưỡng phần điện của nhà máy, trạm, đường dây.","•	Tất cả các nhà máy phát điện
•	Tất	cả	công	ty truyền tải điện"
Cảnh sát cứu hỏa,,Firefighters,1,2,0,"[ 3.5,  3.5, 3.25, 3.62, 3.88, 2.88, 2.88, 1.38,  3.0, 3.62, 2.88, 1.75, 2.12,
 2.38, 2.62,  3.5, 2.62, 3.25, 1.38, 3.25, 2.88,  1.5, 2.88, 3.12, 2.25,  2.0,
 3.62, 3.38,  3.5, 2.88, 2.88, 1.75, 3.12, 2.62, 2.88]",13,"Cảnh sát cứu hoả thực hiện công việc ngăn chặn, phòng chống hỏa hạn và dập tắt đám cháy. Họ cũng có nhiệm vụ giải cứu những người bị mắc kẹt trong hỏa hoạn, cứu hàng hoá, tài sản trong và sau hoả hoạn hoặc tai nạn nghiêm trọng.","•	Lực lượng cảnh sát cứu hỏa
•	Lục quân, hải quân và không quân
•	Các cơ quan quản lí phòng chống cháy nổ
•	Bộ phận an toàn cháy nổ của các cơ quan,	doanh nghiệp
•	Bộ phận cứu hỏa của các sân bay, cảng biển, khu công nghiệp
•	Các doanh nghiệp vận chuyển các vật liệu dễ cháy"
Dược sĩ,Chăm sóc sức khỏe,Pharmacist,0,0,2,"[3.62,  4.0, 3.62, 3.38, 3.88,  1.0, 1.25,  1.0, 3.38, 3.75, 3.12, 2.38, 2.75,
 3.38, 3.25, 3.88, 2.88,  1.5, 2.62, 2.25, 2.88,  1.5, 2.62,  4.0,  1.0, 3.38,
 3.62, 3.62,  4.0,  3.0,  3.0, 1.62, 3.62, 1.75, 3.88]",2,"Dược sĩ nghiên cứu, cải tiến, phát triển các khái niệm, học thuyết và phương pháp hoạt động dược phẩm bằng cách chuẩn bị, phân phối và bán dược phẩm và thuốc","•	Tự mở hiệu thuốc
•	Bộ phận dược phẩm trong một tổ chức chăm sóc sức khoẻ (ví dụ: bệnh viện)
•	Công ty dược phẩm sản xuất thuốc.
"
Giáo viên công nghệ thông tin,Khoa học giáo dục và Đào tạo Giáo viên sư phạm,Information Technology Teacher,2,1,2,"[ 4.0, 4.12, 3.62,  3.0, 3.88,  1.0,  1.0,  1.0, 4.12,  3.5,  4.0,  2.0, 2.12,
 2.88, 2.12, 3.75,  3.0,  1.0, 2.12, 1.75,  3.0, 1.62, 1.38, 4.12,  1.0,  2.0,
  3.0, 3.25, 4.12,  3.0,  3.0, 1.62, 3.12,  1.0,  4.0]",21,"Giáo viên CNTT xây dựng chương trình, bố trí lịch học và thực hiện đào tạo về máy tính và CNTT cho người dùng không chuyên","•	Các trường trung cấp
•	Các trường trung học
•	Các trung tâm đào tạo tin học
•	Các bộ phận đào tạo của doanh nghiệp
"
Giáo viên giáo dục đặc biệt,Khoa học giáo dục và Đào tạo Giáo viên sư phạm,Special Education Teacher,0,1,1,"[3.67,  4.0, 3.54, 3.63, 3.84,  1.0, 1.12,  1.0, 3.91, 3.54, 3.96, 1.54, 1.71,
 2.79, 2.54, 3.79, 3.04, 1.04, 1.75, 1.75, 3.17, 1.67, 1.75, 3.92,  1.0, 1.83,
 3.79, 3.92, 4.08, 2.96, 2.96, 1.62, 3.58, 1.25, 3.83]",4,"Giáo viên giáo dục đặc biệt dạy cho trẻ em, thanh thiếu niên, người lớn có khuyết tật về thể chất hay trí tuệ, hoặc những người có khó khăn về học tập.","•	Các tổ chức cung cấp dịch vụ liên quan đến khuyết tật (ví dụ: trường chuyên biệt cho trẻ khiếm thị, khiếm thính…)
•	Các trường phổ thông cung cấp dịch vụ hòa nhập cho trẻ em có nhu cầu đặc biệt
•	Các hội, tổ chức của người khuyết tật
•	Các tổ chức tình nguyện, phi chính phủ, tổ chức quốc tế có chương trình hỗ trợ người khuyết tật ví dụ như Tổ chức Hỗ trợ Người khuyết tật Việt Nam (VNAH)
•	Trợ giúp trong các hoạt động, sự kiện của người khuyết tật như giải thể thao, Thế vận hội cho người khuyết	tật,
Paragames
•	Tư vấn cho các công ti, doanh nghiệp có chương trình hỗ trợ, hòa nhập, tuyển dụng người khuyết tật
"
Giáo viên mầm non,Khoa học giáo dục và Đào tạo Giáo viên sư phạm,Pre-School Teacher,0,0,1,"[3.12, 3.88,  3.0, 3.75, 3.75,  1.0, 1.38,  1.0,  4.0, 3.12, 3.88,  1.5,  2.0,
 2.88,  2.0, 3.75, 2.88,  1.0, 1.75, 1.75,  3.0,  1.0,  2.0, 3.75,  1.0, 1.62,
 3.62, 3.75,  4.0,  2.5, 2.75,  1.5,  3.0, 1.75,  3.0]",1,Công tác giảng dạy đòi hỏi chuyên môn theo các nhóm tuổi học sinh. Giáo viên mầm non dạy trẻ em từ 3 đến 6 tuổi. Đây là giai đoạn đặt nền móng cho việc học tập và là giai đoạn quan trọng đối với quá trình giáo dục một con người.,"•	Các trường và lớp mầm non
•	Tổ chức giáo dục dành riêng cho giáo dục mầm non
•	Trường sư phạm
•	Bệnh viện nhi đồng
•	Tư vấn, cộng tác viên cho các tổ chức tình nguyện, phi chính phủ, tổ chức quốc tế có chương trình vì trẻ em hoặc giáo dục mầm non
"
Giáo viên tiểu học,Khoa học giáo dục và Đào tạo Giáo viên sư phạm,Primary School Teacher,0,0,1,"[3.75,  4.0, 3.25, 3.88,  4.0,  1.0,  1.5,  1.0, 4.25, 3.75, 4.12, 1.12, 1.75,
 2.75, 2.88, 3.88,  3.0, 1.38,  2.0, 1.75,  3.0,  1.5,  2.0,  4.0,  1.0, 2.12,
 3.62, 3.88, 4.25, 3.12, 3.12, 1.75,  3.5, 1.25, 3.88]",1,"Công tác giảng dạy đòi hỏi chuyên môn theo các nhóm tuổi học sinh. Giáo viên tiểu học dạy trẻ em từ lớp 1 đến lớp 5. Họ chủ yếu tập trung xây dựng cơ sở vững chắc cho kĩ năng đọc, viết, tính toán cùng với các kĩ năng khác như thể chất, tâm lí, trí tuệ và xã hội.","•	Các trường tiểu học công lập
•	Các trường tiểu học tư thục
•	Các tổ chức tình nguyện
•	Trung tâm học tập cộng đồng
•	Tư vấn, cộng tác viên cho các tổ chức tình nguyện, phi chính phủ, tổ chức quốc tế có chương trình vì trẻ em hoặc giáo dục, ví dụ như UNESCO, UNICEF"
Giáo viên trung học phổ thông,Khoa học giáo dục và Đào tạo Giáo viên sư phạm,Upper Secondary Education Teachers,0,1,1,"[3.86, 4.01, 3.57,  3.1, 3.88, 1.09, 1.13, 1.01, 4.12, 3.51, 4.01, 1.78, 1.89,
 2.78, 2.65, 3.64, 2.78, 1.19,  2.4, 1.66, 2.91, 1.69, 1.67, 4.09,  1.1, 2.63,
 3.01, 3.29, 4.23, 3.02, 3.02, 1.66, 3.24, 1.28, 3.97]",4,"Giáo viên trung học phổ thông dạy học sinh ở các trường trung học phổ thông hoặc tương đương, ví dụ như trung tâm giáo dục thường xuyên. Họ dạy một hoặc nhiều môn học với mục đích giáo dục, hướng nghiệp, hoặc dạy nghề.","•	Dạy học tại các trường trung học phổ thông; các trung tâm giáo dục	thường xuyên;
•	Quản lí trong các cơ sở giáo dục (ví dụ: hiệu trưởng, trưởng phòng);
•	Làm việc chuyên môn trong các cơ quan quản lý giáo dục;
•	Dạy học tại các trung tâm bồi dưỡng văn hóa
"
Hướng dẫn viên du lịch,"Du lịch, khách sạn, thể thao và dịch vụ cá nhân",Tour Guide,2,0,0,"[2.25, 3.25, 2.12,  3.0, 2.88,  1.0,  1.0,  1.0, 2.38, 2.75, 2.25,  1.0, 1.25,
  2.0,  2.0,  3.0, 2.12, 1.12, 1.75, 1.75, 2.62,  1.0, 1.25,  3.0,  1.0,  1.0,
 3.12, 3.25, 3.88, 1.62, 1.88, 1.62,  3.0,  1.0, 2.25]",16,"Hướng dẫn viên du lịch được đào
tạo để đi cùng với khách du lịch
trong phạm vi một quốc gia,
thành phố hoặc khu vực nào đó.
Họ giới thiệu với khách du lịch về
ý nghĩa lịch sử, khảo cổ của
những nơi họ đến hoặc các di
tích, công trình nghệ thuật mà họ
xem. Họ cũng giúp khách du lịch
làm quen với văn hóa, môi
trường, vẻ đẹp tự nhiên và những
điều thú vị khác nhằm thu hút sự
quan tâm của khách.","• Các doanh nghiệp
du lịch lữ hành
• Cơ quan quản lí
du lịch của Nhà
nước
• Tự thành lập cơ sở
kinh doanh du
lịch.
• Dẫn tour du lịch
vào thời gian
rảnh."
Kiến trúc sư xây dựng,Kiến trúc và xây dựng,Building Architect,1,2,2,"[3.62, 3.88, 3.75,  3.5,  4.0,  1.0, 1.25,  1.0,  3.0, 3.75, 3.25, 2.75, 2.75,
  3.0,  3.5, 3.75, 3.12, 1.88,  4.0, 2.25, 3.12, 1.88, 3.12,  4.0,  1.0, 2.88,
 2.88, 3.25,  4.0,  3.5, 3.38,  2.0,  3.0, 1.88, 3.88]",15,"Kiến trúc sư xây dựng thiết kế nhà ở, nhà thương mại, các công trình xây dựng dân dụng và công nghiệp; lập kế hoạch và giám sát thi công, bảo trì, mở rộng và cải tạo về mặt thẩm mĩ và công năng của các công trình đó. Họ cũng có thể tham gia qui hoạch đô thị, cảnh quan và các hệ thống giao thông.","•	Hành nghề tự do hoặc tự mở studio, công ty riêng
•	Các	doanh nghiệp thiết kế kiến trúc, thiết kế nội thất
•	Các	doanh nghiệp tư vấn thiết kế, giám sát, thi công xây dựng
•	Cơ quan nhà nước về quản lí đô thị, qui hoạch đô thị
•	Các viện nghiên cứu kiến trúc, thiết kế, qui hoạch kiến trúc và qui hoạch đô thị
•	Các trường dạy về thiết kế kiến trúc xây dựng, qui hoạch đô thị

"
Kiểm soát viên không lưu,,Air Traffic Controller,0,2,1,"[3.75, 4.38,  4.0, 3.88, 4.12, 1.25, 1.25,  1.0, 3.12, 4.12, 3.12, 1.75, 1.75,
 2.88, 2.88,  4.0, 2.62,  2.5, 2.75, 3.25, 2.88, 1.75, 2.75, 3.75, 1.12, 1.75,
 3.12, 3.38, 4.25, 3.25, 3.12, 1.75,  3.5,  2.0, 3.12]",6,"Kiểm soát viên không lưu, còn gọi là kiểm soát viên giao thông đường hàng không, hướng dẫn hướng bay trên không trung, và dưới mặt đất qua các thiết bị như đài, ra-đa hay hệ thống đèn và cung cấp thông tin cần thiết cho hoạt động của phương tiện bay.","•	Đài chỉ huy các sân bay dân sự và quân sự
•	Trung tâm kiểm soát không lưu và tiếp cận đường dài
"
Kĩ sư bảo dưỡng máy bay,Kỹ thuật,Aircraft Maintenance Engineer,0,1,1,"[ 3.0, 3.25, 3.88,  3.0, 3.88, 4.25, 3.25, 2.38,  3.0, 3.25, 2.62,  1.5, 2.12,
 2.62, 2.25, 3.38, 2.38, 3.38, 2.12, 4.12, 2.88,  1.5, 3.88, 3.75, 4.25,  2.5,
  3.0,  3.0, 3.38, 3.12,  3.0,  2.0,  3.0, 4.12, 2.88]",4,"Các kĩ sư bảo dưỡng máy bay đảm bảo máy bay đủ điều kiện hoạt động. Họ chỉ đạo, giám sát và thực hiện việc bảo trì, sửa chữa và đại tu kết cấu và động cơ máy bay.","•	Các sân bay dân sự và quân sự
•	Các công ty bảo trì/bảo dưỡng hàng không
•	Các hãng hàng không
•	Các đơn vị thiết kế công trình hàng không
"
Kĩ sư công nghiệp,Kỹ thuật,Industrial Engineer,2,2,2,"[3.25,  4.0, 3.88, 3.12,  4.0,  1.0, 1.25,  1.0,  3.0, 3.12, 2.75, 2.12,  2.5,
 2.88, 3.25, 3.38, 2.38, 2.25,  2.5, 2.38, 2.62, 1.88, 2.25,  4.0,  1.0, 2.12,
 2.75,  3.0, 3.88, 3.25, 3.25, 2.12,  3.0,  2.0, 3.75]",24,"Kĩ sư quản lí sự vận hành của toàn bộ nhà máy, đảm bảo rằng các qui trình hoạt động hiệu quả, an toàn và có tính kinh tế.","•	Bất cứ ngành công nghiệp nào
•	Các trung tâm nghiên cứu.
•	Các Viện hàn lâm.
•	Các cơ quan Nhà nước.
•	Các công ty tư vấn kĩ thuật tư nhân
"
Kĩ sư cơ khí,Kỹ thuật,Mechanical Engineer,2,2,1,"[3.38, 3.88, 3.75,  3.0, 3.88, 1.88, 2.12, 2.12, 2.75, 3.75, 2.75,  2.5,  2.5,
 2.62, 3.88, 3.12, 2.88, 2.38, 3.75,  3.0,  3.0,  2.5, 3.25, 3.88, 1.88, 3.88,
  3.0, 2.88, 3.12, 3.25, 3.38, 3.25, 3.12,  3.0, 3.25]",23,"Kĩ sư cơ khí làm công việc có liên quan tới quá trình lắp đặt, vận hành và bảo trì máy móc trong các ngành công nghiệp. Họ giải quyết các vấn đề kĩ thuật hàng ngày để nâng cao hiệu quả và năng suất.","•	Trung	tâm nghiên cứu
•	Các trường ĐH
•	Các cơ quan Nhà nước
•	Các	doanh nghiệp chế tạo và sửa chữa máy móc thiết bị dụng cụ
•	Các	doanh nghiệp tư vấn chế tạo cơ khí
•	Các	doanh nghiệp có lắp đặt vận hành máy móc thiết bị
"
Kĩ sư cơ điện tử,Kỹ thuật,Mechatronics Engineers,2,2,0,"[3.12, 3.62, 3.88,  3.0, 3.75,  1.5, 2.38, 1.62,  3.0, 3.88, 3.12,  2.0,  2.0,
 2.75, 3.38, 3.38, 2.62,  3.0, 3.12, 3.12, 2.88,  2.5,  3.0, 3.75, 1.38, 3.12,
 2.88, 2.75,  3.5, 3.25, 3.38, 3.12,  3.0, 2.25, 3.75]",22,,
Kĩ sư hoá học,Kỹ thuật,Chemical Engineer,2,2,1,"[3.75, 3.38, 4.12,  3.0,  4.0,  1.0, 2.12,  1.0,  3.0, 3.88, 2.88,  2.5, 2.62,
 2.75, 3.88, 3.25,  3.0, 2.25, 3.62, 3.12,  3.0, 2.38, 2.88, 3.88,  1.0, 4.25,
 2.88,  3.0, 3.62, 3.88, 3.75, 2.75,  3.0,  3.0, 3.25]",23,"Kĩ sư hóa học áp dụng các kiến thức hóa học, vật lí và toán học để biến đổi các hóa chất trong nguyên liệu, hóa chất tổng hợp thành các dạng hữu ích hơn hoặc có giá trị hơn (ví dụ như xăng dầu, cao su…). Kĩ sư hóa học cũng tạo ra các loại vật liệu và các kĩ thuật mới được sử dụng trong các ngành công nghiệp khác.","Các công ty dược phẩm, thực phẩm và đồ uống, hóa chất, lọc hóa dầu, phân bón
•	Tất cả các ngành công nghiệp sử dụng nguyên liệu thô để tạo ra sản phẩm (ví dụ như giấy, cao su)
•	Các đơn vị nghiên cứu và phát triển"
Kĩ sư khai thác dầu khí,Kỹ thuật,Petroleum Engineer,0,1,1,"[3.75, 3.88, 3.88, 3.62,  4.0, 1.12, 1.88, 1.75,  3.0, 3.88,  3.0,  2.5, 2.75,
 2.88, 3.25, 3.75, 2.88, 2.12, 2.25, 2.88,  3.0, 1.88, 2.62,  4.0,  1.0, 3.38,
  3.0, 3.62, 3.88, 3.88, 3.88, 2.25, 3.62, 2.25, 3.88]",4,"Kĩ sư khai thác dầu khí ứng dụng các nguyên tắc vật lí, địa chất và hóa học để phát hiện và khai thác dầu và khí từ các mỏ dầu khí dưới lòng đất và dưới biển.","•	Các doanh nghiệp dầu khí Nhà nước và tư nhân
•	Các trung tâm, viện nghiên cứu
•	Giảng dạy tại các trường đại học, cao đẳng, trung học
•	Các cơ quan Nhà nước quản lí ngành dầu khí
•	Các công ty tư vấn kĩ thuật"
Kĩ sư mỏ,Kỹ thuật,Mining Engineer ,1,1,1,"[ 3.5, 3.88, 4.12,  3.5,  4.0,  1.0, 2.25,  1.0, 3.12,  4.0, 3.12, 2.88,  3.0,
  3.0, 3.75, 3.75, 2.88,  2.0, 3.12,  3.0, 2.88, 2.62, 2.88,  4.0,  1.0,  3.5,
 2.62, 2.88,  4.0, 3.75, 3.75,  2.5, 3.38, 1.88,  4.0]",11,"Kĩ sư mỏ áp dụng các nguyên tắc vật lí, địa chất và hóa học để thăm dò, khai thác và chế biến khoáng sản thiên nhiên. Về bản chất, hoạt động khai thác này gây ra sự xáo trộn môi trường trong và xung quanh khu vực có khoáng sản. Do đó, kĩ sư mỏ ngày nay không phải chỉ chú ý về phương diện khai thác và chế biến khoáng sản mà còn phải quan tâm tới vấn đề giảm nhẹ thiệt hại hoặc ảnh hưởng xấu gây ra cho môi trường","•	Các doanh nghiệp khai thác mỏ
•	Các công ty tư vấn kĩ thuật tư nhân
•	Các trung tâm nghiên cứu
•	Các trường đại học
•	Các cơ quan Nhà nước"
Kĩ sư và kĩ thuật viên âm thanh,Kỹ thuật,Sound Engineer,2,2,1,"[3.12, 3.75, 3.25,  3.0, 3.25, 2.62,  2.5,  1.5, 2.75, 3.12, 2.75, 1.75,  2.0,
  2.5, 2.12, 3.12, 2.62,  3.0, 1.38, 3.12, 2.75, 1.75, 2.88, 3.38,  2.5, 1.38,
 2.88,  3.0, 3.62,  3.0,  3.0,  2.0,  3.0, 2.75, 3.25]",23,"Kĩ sư và kĩ thuật viên kĩ thuật âm thanh vận hành máy móc, thiết bị để ghi lại, đồng bộ hoá, phối âm hoặc sao chép các hiệu ứng về âm thanh, giọng nói và âm nhạc trong các phòng thu, đấu trường thể thao, nhà hát, rạp chiếu phim, trường quay phim truyện và video.","•	Phòng thu thanh
•	Công nghiệp làm phim
•	Hãng phim lồng tiếng
•	Buổi	hoà	nhạc trực tiếp
•	Đài phát thanh
"
"Kĩ sư vũ trụ, hàng không",Kỹ thuật,Aerospace/Aeronautical Engineer,2,2,2,"[3.62, 3.88, 3.88, 3.25, 4.12,  1.0, 1.25,  1.0,  3.0, 3.75, 3.38, 1.88, 1.75,
 2.75, 3.88, 3.75,  3.0, 1.25, 3.88, 2.88, 3.12, 2.12, 3.25,  4.0,  1.0,  4.0,
 2.88,  3.0, 3.88, 3.38,  3.5, 3.25, 3.25,  2.0, 3.88]",24,"Kĩ sư vũ trụ, hàng không là chuyên gia trong việc thiết kế và sản xuất các loại thiết bị bay. Họ cũng thực hiện các công việc duy tu, bảo dưỡng máy bay. Kĩ thuật hàng không vũ trụ cũng có thể mở rộng đến tàu vũ trụ, vệ tinh cũng như các hệ thống kiểm soát và hướng dẫn các máy bay từ xa.","•	Các nhà máy tham gia sản xuất máy bay.
•	Các sân bay
•	Công ty hàng không
•	Không quân
•	Các đơn vị nghiên cứu và phát triển
"
Kĩ sư vật liệu,Kỹ thuật,Materials Engineer,2,2,1,"[3.25,  4.0,  4.0,  3.0, 3.88,  1.5,  2.0,  1.0, 3.12, 3.25,  3.0, 2.12, 2.62,
  3.0, 3.75, 3.12,  3.0, 2.25, 3.12,  3.0,  3.0, 1.88, 3.12,  4.0,  1.5,  4.0,
 3.12,  3.0, 3.75, 3.12,  3.0, 2.62,  3.0, 2.25, 3.75]",23,"Kĩ sư vật liệu nghiên cứu các tính chất của những loại vật liệu tự nhiên và tổng hợp như kim loại, gốm, sứ, polymer, gỗ và các nguồn tài nguyên khác nhằm nâng cao chất lượng cho các ứng dụng công nghiệp và thương mại.","•	Bất	cứ	ngành công nghiệp nào
•	Các	trung	tâm nghiên cứu
•	Các viện hàn lâm
•	Các cơ quan Nhà nước
•	Các công ty tư vấn kĩ thuật tư nhân
"
Kĩ sư xây dựng,Kiến trúc và xây dựng,Civil Engineer,1,2,1,"[3.25,  4.0, 3.88, 3.12, 3.88,  1.5, 1.25,  1.0,  3.0, 3.38, 2.88, 2.88, 2.88,
  3.0, 3.88, 3.25,  3.0, 1.38, 3.62, 2.12,  3.0, 1.88, 2.25, 3.88, 1.62, 3.75,
  3.0,  3.0, 3.88, 3.75, 3.12, 2.25, 3.75,  1.5, 3.25]",14,"Các kĩ sư xây dựng áp dụng toán học, vật lí và hóa học để xây dựng các công trình nhà ở, nhà thương mại, đường giao thông, cầu, đập nước, mạng lưới cấp nước, mạng lưới thoát nước, bến cảng, kênh rạch, bến, sân bay, hệ thống đường sắt.","•	Các công ty xây dựng
•	Các công ty cầu đường
•	Các công ty kiến trúc
•	Tư vấn độc lập
"
Kĩ sư y sinh,Khoa học sự sống,Biomedical Engineer,2,2,1,"[3.62, 4.12, 4.12, 3.25, 4.25, 2.25,  2.5, 2.88, 3.25, 4.12, 3.12, 2.25, 2.62,
 3.12, 3.75, 3.75, 3.12,  2.0, 3.75, 2.88, 3.12,  3.0, 3.12, 4.12, 2.62, 3.88,
 3.12, 3.12, 3.88, 3.75, 3.75, 3.25, 3.25, 2.75, 3.75]",23,"Kĩ thuật y sinh tiến hành nghiên cứu các khía cạnh khác nhau của con người hay các loài động vật nhằm kiểm tra, chứng minh hoặc điều chỉnh hệ thống lí thuyết về sự sống đã biết. Những thông tin này được sử dụng để thiết kế bộ máy hỗ trợ cho sự sống, tối đa hoá lợi ích của các nguyên tắc trong khoa học kĩ thuật và hành vi của sinh vật.","•	Bệnh viện
•	Ngành	công nghiệp hoá chất
•	Các tổ chức nghiên cứu
•	Các cơ sở giáo dục
•	Các công ty dược phẩm
•	Các cơ quan chỉnh hình, phục hồi chức năng
•	Chuyên gia tư vấn độc lập
"
Kĩ sư ô tô,Kỹ thuật,Automotive Engineers,1,1,0,"[3.38, 3.75, 4.12,  3.5, 4.12,  1.0, 1.88,  1.0,  3.0, 3.88, 2.88,  2.0,  2.0,
  3.0, 3.88, 3.12,  3.0, 2.12, 3.75, 2.88, 3.12, 2.75,  3.0,  4.0,  1.0, 3.25,
 2.88,  3.0, 3.88, 3.75, 3.75, 3.12, 3.25,  2.0, 3.88]",10,"Kĩ sư ô tô thiết kế, thử nghiệm, phát triển và chỉ đạo sản xuất các loại ô tô như xe hơi, xe tải, xe buýt, xe bồn, xe đua… Họ giúp ngành công nghiệp ô tô đáp ứng những yêu cầu mới như tăng độ an toàn, tiết kiệm nhiên liệu và tiêu chuẩn môi trường.","•	Các công ty sản xuất, lắp ráp, bảo dưỡng ô tô.
•	Các đơn vị nghiên cứu và phát triển về ô tô"
Kĩ sư điện,Kỹ thuật,Electrical Engineer,2,2,1,"[ 3.5, 3.88, 3.88,  3.0, 3.88,  2.0,  2.0, 1.12,  3.0, 3.12, 2.88, 2.25, 2.25,
  3.0, 3.25,  3.5,  3.0, 1.12, 3.25, 2.88,  3.0,  2.0, 2.88, 3.88, 2.12, 3.12,
 2.88, 3.12, 3.75, 3.12, 3.25, 2.25, 3.12, 2.88, 3.88]",23,"Kĩ sư điện làm công việc có liên quan tới việc phát và truyền tải điện. Họ lắp đặt, vận hành và duy trì mạng lưới điện. Kĩ sư điện cũng là những chuyên gia về các mạch điện trong các sản phẩm như máy tính và các thiết bị gia dụng.","•	Điện công nghiệp và dân dụng
•	Hệ thống điện
•	Nhiệt điện
•	Thủy điện
•	Công	nghệ	kĩ thuật điện, điện tử"
Kĩ sư điện tử,Kỹ thuật,Electronics Engineer,2,2,1,"[3.12, 3.75,  4.0,  3.0,  4.0, 2.88, 2.88, 1.62,  3.0, 3.75,  3.0,  2.0, 2.75,
 2.75,  3.5, 3.38, 2.75, 2.88, 3.25,  3.0, 2.88, 2.75, 3.12,  4.0, 2.75,  3.0,
 2.88, 2.88, 3.88, 3.75, 3.38,  3.0, 2.75,  3.0,  3.5]",23,"Các kĩ sư điện tử nghiên cứu, thiết kế và chỉ đạo xây dựng, bảo dưỡng và sửa chữa các hệ thống điện tử; tìm hiểu và tư vấn về các vấn đề kỹ thuật của vật liệu, sản phẩm hay quá trình chế tạo điện tử.","•	Các cơ quan truyền thông, kĩ thuật vũ trụ và giao thông của Nhà nước
•	Các ngành công nghiệp sản xuất các dụng cụ điện tử
•	Các ngành công nghiệp liên quan tới truyền thông
•	Công nghiệp sản xuất máy tính
•	Các đơn vị nghiên cứu"
Kĩ thuật viên chẩn đoán hình ảnh,Chăm sóc sức khỏe,Medical Technologist: Medical Imaging,0,0,1,"[3.38, 3.88, 3.12, 3.25,  3.5, 2.62, 2.25,  1.0,  3.0, 3.12,  3.0, 1.75, 1.88,
 2.75, 2.12,  3.5,  2.5, 3.12,  2.0, 3.12,  3.0, 1.25, 2.75, 3.75, 2.12, 3.25,
 3.12, 3.75, 3.75, 2.38, 2.12,  2.0, 3.38, 2.25, 3.25]",1,"Kĩ thuật viên chẩn đoán hình ảnh phụ trách các thiết bị chẩn đoán hình ảnh trợ giúp các bác sĩ xác định về tình trạng bệnh tật có thể có của bệnh nhân, như máy X quang, điện tim, siêu âm, nội soi, chụp cắt lớp, cộng hưởng từ… Người làm nghề này hiểu về cơ thể con người, điều kiện y tế và chăm sóc bệnh nhân. Họ cũng nắm vững cách vận hành thiết bị và lưu giữ hồ sơ.","•	Bệnh viện
•	Các phòng thí nghiệm y tế
•	Các trường đào tạo về y tế
•	Trung tâm nghiên cứu
"
Kĩ thuật viên chỉnh hình và phục hình,Chăm sóc sức khỏe,Orthotist and Prosthetist,1,1,2,"[3.75,  4.0, 3.88, 3.25,  4.0, 1.75, 2.25,  1.0,  3.0, 3.25,  3.0, 1.62,  2.0,
  2.5,  3.0, 3.25, 2.62, 2.25, 3.12,  3.0,  3.0, 1.62,  3.0, 4.12,  2.0, 2.75,
 3.88, 3.75,  4.0,  3.0,  3.0,  3.0,  3.0, 2.12,  4.0]",12,"Kĩ thuật viên chỉnh hình và phục hình phục vụ, chăm sóc bệnh nhân khuyết tật ở các bộ phận chân, tay, cột sống hay bị mất một phần hoặc toàn bộ chân, tay bằng cách lắp và chuẩn bị trụ chống chỉnh hình, chân, tay giả theo chỉ đạo, ý kiến của bác sĩ.","•	Các trung tâm phục hồi chức năng
•	Bệnh viện
•	Các trung tâm chẩn đoán
•	Phòng khám đa
khoa
"
"Kĩ thuật viên cơ khí trong sản xuất, lắp ráp và sửa chữa",Kỹ thuật,"Mechanical Engineering Technicians (Manufacture, Assembly and Repair)",1,1,0,"[3.12, 3.75, 3.62,  3.0, 3.75, 2.62, 2.75, 1.38, 2.75, 3.38, 2.75, 1.88,  2.0,
 2.62, 3.25, 3.12, 2.75,  3.0, 2.62,  3.5,  3.0,  2.0, 3.25, 3.75, 2.62,  3.0,
 2.88,  3.0, 3.62, 3.25, 3.12, 2.38, 3.12, 2.88,  3.5]",10,"Kĩ thuật viên cơ khí trong sản xuất, lắp ráp và sửa chữa ","•	Tất cả ngành công nghiệp
•	Các doanh nghiệp cung cấp các loại máy móc thiết bị khác nhau cho công nghiệp và gia dụng
•	Mở xưởng cơ khí sửa chữa riêng
"
Kĩ thuật viên cơ điện tử,Kỹ thuật,Mechatronics Technician,0,0,0,"[3.12, 3.12, 3.25,  3.0, 3.62, 3.12, 3.12, 3.12, 2.88, 3.38, 2.88, 1.75,  2.0,
 2.75, 2.88, 3.75,  2.0,  3.5, 2.25,  4.0,  2.0,  2.5, 3.62, 3.25, 3.75, 2.75,
 2.25, 2.88, 3.12, 3.12, 3.12, 2.12,  3.0, 3.88, 3.12]",0,"Kĩ thuật viên cơ - điện tử làm việc trong một lĩnh vực liên quan tới nhiều ngành nghề kĩ thuật như kĩ thuật cơ khí, kĩ thuật điện, kĩ thuật điều khiển và kĩ thuật máy tính. Sáng tạo robot là một ví dụ về công việc trong lĩnh vực cơ điện tử.","•	Các công ty kĩ thuật
•	Các	doanh nghiệp tham gia vào việc nghiên cứu, thiết kế và sản xuất robot, sản xuất tự động hóa, thị giác máy tính và các kĩ thuật kiểm tra tự động
•	Bộ phận nghiên cứu và thiết kế của các doanh nghiệp ô tô"
Kĩ thuật viên kĩ thuật viễn thông,Máy tính và Công nghệ thông tin,Telecommunications Technicians,0,1,0,"[2.94, 3.25, 3.25,  3.0, 3.37, 3.25, 2.68, 2.82,  2.5, 3.12, 2.56, 1.75, 1.75,
 2.25, 2.12, 3.19, 2.31, 3.12, 1.88, 3.37, 2.44, 1.81, 3.25, 3.13, 3.38, 1.88,
 2.82, 2.94, 3.18, 2.75, 2.56, 1.88, 2.94, 3.44, 2.81]",3,"Kĩ thuật viên kĩ thuật viễn thông thực hiện các công việc về kĩ thuật liên quan tới nghiên cứu kĩ thuật viễn thông, thiết kế, sản xuất, lắp ráp, xây dựng, vận hành, duy tu và sửa chữa các hệ thống viễn thông","•	Các công ty viễn thông Nhà nước và tư nhân
•	Các công ty dịch vụ điện thoại di động
•	Các doanh nghiệp vận tải hàng hải
•	Các doanh nghiệp vận tải hàng không
•	Các cơ quan quản lí Nhà nước về bưu chính viễn thông
"
Kĩ thuật viên may mặc và công nghệ có liên quan,Kỹ thuật,Garment Technicians,0,0,1,"[2.12,  2.0, 2.25,  2.0,  2.5, 2.25,  2.0, 1.25, 1.25, 2.12, 1.75,  1.5,  1.5,
  1.5, 1.62, 2.38, 1.75,  3.0,  1.5,  2.5, 1.75,  1.0, 2.12,  2.0, 1.75,  1.0,
 1.88,  2.0, 2.12, 1.62, 1.88,  1.5,  2.5, 2.25, 1.75]",1,"Kĩ thuật viên may mặc và công nghệ có liên quan (sợi, dệt, nhuộm…) phụ trách công nghệ kĩ thuật trong quá trình sản xuất hàng vải sợi, dệt và may mặc đại trà. Họ cũng có thể chuyên về hóa chất (thuốc nhuộm, chất tẩy, phụ gia…) hay máy móc thiết bị sản xuất hàng dệt may.","•	Các	doanh nghiệp sản xuất sợi, sản phẩm dệt và may mặc
•	Các	doanh nghiệp cung cấp nguyên phụ liệu, hóa chất và máy móc thiết bị cho ngành dệt may
•	Các phòng thí nghiệm, đơn vị chứng nhận sản phẩm dệt may"
"Kĩ thuật viên phát thanh, truyền hình và nghe - nhìn",Báo chí – Thông tin – Truyền thông,Broadcasting and Audiovisual Technicians,1,1,0,"[3.12, 3.62, 3.25, 3.0, 3.75, 3.12, 2.75, 2.0, 2.5, 3.12, 2.88, 1.88, 2.12, 2.62, 2.75, 3.5, 2.38, 3.0, 2.12, 3.5, 2.38, 2.12, 2.88, 3.12, 2.75, 1.88, 2.38, 3.0, 3.12, 2.88, 2.75, 2.25, 3.12, 3.0, 3.25]",10,"Kĩ thuật viên phát thanh, truyền
hình và nghe - nhìn quản lí các
chức năng kĩ thuật của thiết bị để
ghi lại và biên tập các hình ảnh và
âm thanh và để truyền thanh,
truyền hình các hình ảnh và âm
thanh cũng như các dạng tín hiệu
viễn thông khác trên đất liền, trên
biển và trên không","• Các công ty phát
thanh
• Các công ty
truyền hình
• Các công ty điện
ảnh
• Dịch vụ phát
thanh truyền hình
công cộng"
Kĩ thuật viên phòng xét nghiệm,Chăm sóc sức khỏe,Laboratory Technician,0,0,0,"[ 3.0, 3.88, 3.12,  3.0, 3.38, 2.75, 2.62, 1.25, 3.12,  3.0, 2.88,  2.0,  2.0,
 2.88, 2.75, 3.12, 2.62, 2.88, 2.12, 3.12,  2.5, 1.88, 3.12,  3.5,  2.5, 3.25,
  3.0,  3.0, 3.38, 2.75, 2.25,  2.0, 3.12, 2.75, 3.12]",0,"Kĩ thuật viên phòng xét nghiệm trong các bệnh viện, cơ sở y tế, pháp y, còn gọi là kĩ thuật viên phòng thí nghiệm y tế, tiến hành các xét nghiệm sinh hóa, kiểm tra bằng kính hiển vi và soi vi khuẩn trong phòng thí nghiệm để kiểm tra máu, mô và các chất dịch của bệnh nhân, tử thi để tìm ra nguyên nhân gây bệnh hoặc tử vong.","•	Các phòng thí nghiệm
•	Các bệnh viện, trung tâm y tế, cơ sở chăm sóc sức khỏe
•	Các trung tâm nghiên cứu
•	Nhà xác
•	Bộ phận pháp y của công an
"
Kĩ thuật viên y tế: kĩ thuật viên và phụ tá nha khoa,Chăm sóc sức khỏe,Dental Assistant and Therapist,0,0,0,"[3.12, 3.88,  3.0, 2.88,  3.0, 1.88,  2.0,  1.0, 3.12, 2.88,  2.5, 1.75, 2.12,
 2.25, 2.12, 3.12,  2.5, 2.12, 1.75, 2.62,  2.5, 1.38,  2.5, 3.25, 1.88,  2.0,
 3.12, 3.12, 3.38, 2.38, 2.12, 1.75, 2.75,  2.0,  3.0]",0,"Kĩ thuật viên và phụ tá nha khoa trợ giúp cho bác sĩ nha khoa trong tư vấn, chẩn đoán, phòng và chữa bệnh về răng miệng. Về mặt phạm vi và độ phức tạp thì hạn chế hơn so với các nhiệm vụ mà một bác sĩ nha khoa thực hiện.","•	Bệnh viện
•	Phòng khám nha khoa, răng hàm mặt
•	Các cơ sở kĩ thuật phục hình răng
"
Kế toán,Kinh doanh và Quản lý,Accountant,1,1,1,"[3.31, 3.94, 3.44, 3.06, 3.88,  1.0,  1.0,  1.0, 2.88,  3.5, 2.94, 2.56,  2.0,
 2.94, 3.69, 3.31,  3.0,  1.0, 2.56, 1.94, 3.12, 1.63, 1.75, 3.94,  1.0, 1.88,
  3.0, 3.06, 3.81, 3.19, 2.94, 1.75, 3.25, 1.12, 3.75]",11,"Kế toán theo dõi các hoạt động tài chính của một tổ chức. Họ lập kế hoạch, tổ chức, điều hành và thực hiện hệ thống kế toán cho tổ chức. Việc cấp chứng nhận cho kế toán và thực hành nghiệp vụ chuyên môn của họ được giám sát chặt chẽ. Có nhiều phần hành kế toán khác nhau và có nhiều vị trí trong hệ thống kế toán của một tổ chức. Nhiệm vụ cụ thể của một kế toán phụ thuộc vào công việc cụ thể mà người đó đảm nhận.","•	Các	doanh nghiệp trong nước, có vốn đầu tư nước ngoài
•	Các cơ quan Nhà nước
•	Hành nghề độc lập"
Kỹ sư phần cứng,Máy tính và Công nghệ thông tin,Hardware Engineer,2,2,2,"[3.75, 3.88, 3.88, 3.12,  4.0, 2.12,  2.5, 1.88,  3.0, 3.62, 2.88, 1.75, 1.88,
 2.62, 3.25, 3.12, 2.25, 1.75, 3.38,  3.0, 2.62,  2.5, 2.88,  4.0, 2.12, 2.88,
 2.62, 2.75, 3.88, 3.38, 3.38, 2.62, 3.12, 2.62, 3.88]",24,,
Kỹ thuật viên Thú y,Thú y,Veterinarian technician,0,0,1,"[3.12, 3.75, 3.25, 3.12, 3.75, 2.25, 2.12,  1.0, 2.88, 3.12,  3.0, 1.88, 2.38,
 2.75, 2.75, 3.25, 2.62, 2.62,  2.0, 2.88, 2.88, 1.75, 2.38, 3.62, 2.12, 2.88,
 3.12, 3.12, 3.62, 2.75, 2.62, 1.88,  3.0,  2.5, 3.25]",1,"
Kỹ thuật viên thú y thực hiện nhiệm vụ tư vấn, chẩn đoán, phòng ngừa và chữa bệnh thú y theo chỉ dẫn của bác sĩ thú y. Họ chăm sóc động vật được điều trị, thực hiện các thủ tục thường quy và hỗ trợ bác sĩ thú y trong các hoạt động","•	Làm việc tại các nông trường, trang trại lớn
•	Làm việc trong các cơ quan quản lý thú y các cấp
•	Làm việc trong phòng khám thú y tư nhân, bệnh viện dành cho vật nuôi/thú cưng
•	Làm việc trong các viện nghiên cứu, các phòng thí nghiệm thú y
"
Luật sư,Pháp luật,Lawyer,2,2,2,"[3.88, 4.62, 4.12, 3.38, 4.25,  1.0,  1.0,  1.0, 3.12, 4.12,  3.0, 2.25,  2.0,
 2.88, 2.12, 3.62,  4.0, 1.38, 2.62, 1.62,  4.0,  1.5, 1.12, 4.38,  1.0, 1.62,
 3.12, 3.75, 4.62,  3.5,  3.0, 1.88, 3.88,  1.0,  4.0]",24,"Luật sư là người bào chữa hoặc
người bảo vệ quyền lợi cho thân
chủ tại tòa án, trong các vụ án, các
vụ việc và yêu cầu khác theo qui
định của pháp luật. Các vụ án, vụ
việc và yêu cầu có thể liên quan đến
những lĩnh vực khác nhau như hình
sự, dân sự, hành chính, hôn nhân
và gia đình, kinh doanh, thương
mại, lao động, sở hữu trí tuệ...","• Các công ty luật,
văn phòng luật
sư
• Các cơ quan Nhà
nước
• Các doanh
nghiệp lớn
• Các tổ chức tình
nguyện"
Lễ tân,,Receptionists,1,0,0,"[ 3.0, 3.62,  2.5, 3.12, 3.25,  1.0,  1.0,  1.0, 2.75, 2.38, 2.38, 1.75,  1.5,
 2.25, 2.12, 2.75, 2.38,  1.0, 1.12, 1.38,  2.5, 1.38, 1.75, 3.25,  1.0,  1.0,
  3.5, 3.12, 3.62, 2.38, 2.25, 1.38, 2.88, 1.38, 3.25]",7,"Lễ tân là người tiếp xúc, đón tiếp khách đến làm việc, tiếp nhận và xử lí thông tin ban đầu, hỗ trợ các hoạt động của cơ quan với khách hàng.","•	Các nhà hàng, khách sạn
•	Các khu du lịch, nghỉ	dưỡng, resort
•	Các khu vui chơi, giải trí
•	Các cơ quan, công sở, công ty, tập đoàn
•	Các tổ chức xã hội, nghề nghiệp
"
Nghệ sĩ Mỹ thuật,Năng khiếu nghệ thuật,Fine Artists,1,1,1,"[3.25, 3.12, 2.88,  2.5, 3.25,  1.0,  2.0,  1.0, 1.75,  3.0, 2.38,  2.0, 1.88,
 1.75, 2.12, 2.75,  2.0, 2.12, 2.62, 2.38, 2.38, 1.62, 2.38,  3.0,  1.0,  1.0,
  2.5, 2.88,  3.0, 2.25, 2.12, 1.62, 2.88, 1.88, 2.88]",11,"Nghệ sĩ Mỹ thuật là người tạo ra các tác phẩm nghệ thuật thông qua các phương tiện khác nhau như màu vẽ, điêu khắc, nhiếp ảnh, sắp đặt vật thể… Nghệ sĩ Mỹ thuật có khả năng biến ý tưởng, suy nghĩ, thông điệp thành hình dạng cụ thể cho người khác thưởng thức.","•	Hành nghề tự do
•	Mở studio riêng
•	Giảng dạy tại các trường Mỹ thuật, trung tâm văn hóa nghệ thuật
•	Giảng dạy môn Mỹ thuật tại các trường	phổ thông
•	Dạy và hỗ trợ trẻ có nhu cầu đặc biệt tại trường khuyết tật
"
Nha sĩ,Chăm sóc sức khỏe,Dentist,2,2,2,"[3.88,  4.0,  4.0, 3.75, 4.12,  1.5, 2.38, 1.25, 3.25, 4.12, 3.12,  3.0,  3.0,
  3.5, 2.75,  4.0, 3.12, 2.88, 2.38, 2.75, 3.75, 1.62, 2.75,  4.0, 1.38, 3.75,
 3.88, 3.88,  4.0, 2.88, 2.75,  2.0, 3.88,  2.0, 3.25]",24,"Các nha sĩ, còn gọi là bác sĩ nha khoa, điều trị các bệnh và các rối loạn răng, nướu và mô mềm của miệng.","•	Các bệnh viện nha khoa hoặc khoa răng, hàm, mặt trong bệnh viện
•	Các phòng khám nha khoa
•	Các viện nha khoa thẩm mĩ
•	Mở phòng khám riêng
"
Nhà Quản trị cơ sở dữ liệu và mạng máy tính,Máy tính và Công nghệ thông tin,Network administrators,2,2,2,"[3.12, 3.75, 3.75,  3.0, 3.88,  3.0, 2.88, 2.38, 2.88, 3.88, 2.75,  2.0, 2.75,
  3.0,  3.0, 3.75,  2.5,  3.0, 3.12, 3.38, 2.75, 3.62, 3.25, 3.88,  3.0, 2.25,
  3.0,  3.0, 3.38, 3.88, 3.75, 2.75, 3.12, 3.75, 3.12]",24,"Quản trị cơ sở dữ liệu và mạng máy tính thiết kế, xây dựng, kiểm soát, hỗ trợ các hệ thống công nghệ thông tin để đảm bảo vận hành và an toàn, bao gồm cả dữ liệu, phần cứng, phần mềm,  mạng và hệ điều hành","•	Các công ty dữ liệu
•	Các bộ phận quản trị mạng và dữ liệu của các công ty
•	Các ngân hàng
•	Các công ty viễn thông lớn
"
Nhà báo,Báo chí – Thông tin – Truyền thông,Journalist,0,0,1,"[ 3.5, 4.12, 3.25, 3.19, 3.81,  1.0, 1.06,  1.0, 2.31, 3.06, 2.37, 1.69, 1.69,
 2.69, 1.81, 3.44, 2.94, 1.81, 2.06, 1.81,  3.0, 1.63,  1.5, 4.12,  1.0, 1.06,
 2.69, 3.75, 4.12, 2.44, 2.25,  1.5, 3.44, 1.06, 4.12]",1,"Nhà báo là những người viết,
biên tập, sản xuất các ấn phẩm
báo chí (truyền hình, phát thanh,
báo viết, báo mạng)","Ví dụ về nơi làm
việc:
• Tòa soạn các
loại Báo viết
• Các loại Tạp chí
• Văn phòng
thông tin báo
chí
• Báo mạng, các
đài truyền hình
và đài phát
thanh"
Nhà hoá học,Khoa học tự nhiên,Chemist,1,0,2,"[3.38, 3.88, 3.75,  3.0,  4.0,  3.0, 2.62,  1.0,  3.0, 3.12, 2.88, 2.12, 2.38,
 2.88, 3.88, 3.25, 2.25, 2.38,  2.5,  3.0, 2.62, 2.12, 3.38,  4.0, 2.38, 4.25,
 2.75,  3.0,  3.5, 3.12, 3.25, 1.88, 2.88, 2.75, 3.62]",9,"Nhà hóa học thực hiện các nghiên
cứu, cải tiến hoặc phát triển các
khái niệm, học thuyết và các
phương pháp hoạt động, hoặc
ứng dụng các kiến thức khoa học
liên quan vào hóa học, chủ yếu để
kiểm nghiệm, phát triển và cải
tiến các nguyên liệu, các sản
phẩm và qui trình công nghiệp","•	Làm việc trong các ngành công nghiệp hoá chất, ví dụ như nước hoa, sơn, màu vẽ và dược phẩm
•	Làm việc trong các cơ quan môi trường để giảm ô nhiễm, đồng thời quản lí và tái chế chất thải
•	Làm việc trong ngành	công nghiệp đóng gói thực phẩm, nước uống đóng chai và các loại kẹo đóng gói
"
Nhà kinh tế học,Khoa học xã hội và hành vi,Economist,2,2,2,"[3.88,  4.0, 3.88,  3.0, 4.12,  1.0,  1.0,  1.0,  3.5,  4.0, 3.12, 1.88, 1.88,
 2.62, 4.12, 3.12, 2.38,  1.0, 2.75, 1.62,  3.0,  2.0, 1.25, 4.12,  1.0,  2.0,
  3.0, 2.88,  4.0, 3.38, 3.25, 1.38,  3.0,  1.0,  4.0]",24,"Nhà kinh tế học hiểu cách làm cho một quốc gia trở nên thịnh vượng bằng cách sử dụng nguồn lực của quốc gia đó một cách năng suất và hiệu quả. Họ tiến hành nghiên cứu, theo dõi và phân tích thông tin số liệu, làm các báo cáo và kế hoạch để giải quyết các vấn đề về kinh tế và kinh doanh, phát triển các mô hình phân tích, lí giải và dự báo hành vi và xu hướng kinh tế. Họ tư vấn cho doanh nghiệp, các nhóm lợi ích và chính phủ để xây dựng các giải pháp cho các vấn đề kinh tế và kinh doanh hiện tại và tương lai. ","•        Các cơ quan Nhà nước
•        Làm cho các ngân hàng lớn
•        Các tổ chức phát triển và đa quốc gia như Ngân hàng Thế giới, Tổ chức Lao động quốc tế
•        Các doanh nghiệp và công ty lớn
"
Nhà nghiên cứu khoa học xã hội,Khoa học xã hội và hành vi,Social Scientist,2,1,1,"[3.12, 3.75, 3.38, 2.88, 3.75,  1.0, 1.38,  1.0, 2.62, 3.12,  3.0, 1.75,  2.0,
 2.38, 3.12, 2.88, 2.38, 1.62,  2.0, 2.12,  2.5, 2.62,  2.5,  4.0,  1.0, 3.25,
 2.38, 2.88, 3.38,  3.0, 2.88, 1.75, 2.88, 1.75, 3.75]",20,"Khoa học xã hội quan tâm tới
hành vi, bản chất và cuộc sống
của con người như một chủ thể
xã hội. Các nhà nghiên cứu khoa
học xã hội nghiên cứu xã hội loài
người và những mối quan hệ
giữa người và người trong xã hội.
Có nhiều ngành khoa học xã hội
như nhân chủng học, kinh tế học,
lịch sử, khoa học chính trị, xã hội
học, tâm lí học, tội phạm học, luật
học, nghệ thuật học và các khoa
học tương tự. Nói rộng ra, những
bộ môn liên quan đến nhân học
và nghệ thuật đều là các môn
khoa học xã hội","• Giáo viên tại các
trường ĐH, CĐ,
TC
• Các tổ chức
chính phủ
• Các tổ chức tình
nguyện
• Các tổ chức phi
chính phủ
• Các tổ chức
quốc tế
• Các tập đoàn
kinh tế"
Nhà ngôn ngữ học,Khoa học Nhân văn,Language Specialist,2,1,2,"[3.12,  4.0,  3.0,  3.0, 3.62,  1.0,  1.0,  1.0,  3.0, 3.12,  3.0, 1.25, 1.25,
 2.75,  2.0, 3.62, 2.38,  1.0, 1.62,  2.0, 2.88, 1.12,  2.0, 3.88,  1.0, 1.12,
 3.12, 3.12, 4.12, 2.12, 2.12, 1.88,  3.0, 1.25, 3.75]",21,"Nhà ngôn ngữ học nghiên cứu
các thành phần cơ bản của một
ngôn ngữ nào đó, chẳng hạn như
ngữ âm, ngữ nghĩa và chữ viết. Ở
góc độ khác, nghề này liên quan
tới việc học và sử dụng thành
thạo một ngôn ngữ cụ thể. Để trở
thành một nhà ngôn ngữ học cần
phải tìm hiểu về các thành phần
cơ bản của ngôn ngữ. Ngoài ra,
học một ngôn ngữ cụ thể thì bạn
có thể trở thành một người biên
dịch, phiên dịch hoặc giáo viên
ngôn ngữ","• Phòng ban, khoa,
bộ môn của
trường ĐH
• Giáo viên ngoại
ngữ
• Các tổ chức cần
người biên dịch,
phiên dịch
• Trung tâm điều
trị trẻ em bị rối
loạn khả năng
học ngôn ngữ
• Nhà xuất bản"
Nhà nhiếp ảnh,Năng khiếu nghệ thuật,Photographers,1,0,0,"[3.12, 3.75, 3.12,  3.0, 3.12, 1.88, 2.25, 1.38, 2.88, 3.12, 2.88, 1.62, 1.88,
 2.75,  2.0, 3.12, 2.75, 2.25, 2.75, 2.62, 2.88, 1.62,  2.5, 3.12,  1.5, 1.75,
 3.25, 3.12, 3.75,  2.5, 2.38, 1.88,  3.0, 2.12, 2.88]",7,"Nhà nhiếp ảnh sử dụng khả năng tư duy, sáng tạo của bản thân và các kĩ thuật của máy ảnh để chụp ảnh. Họ có thể chụp hình ảnh tĩnh và động, sử dụng máy ảnh, máy quay video và các thiết bị khác để ghi lại và chỉnh sửa cả hình ảnh và âm thanh.","•	Hành nghề tự do hoặc mở studio, cửa hàng riêng
•	Các doanh nghiệp quảng cáo, truyền thông, tổ chức sự kiện
•	Báo và tạp chí
•	Xưởng	phim	điện ảnh và truyền hình
•	Các doanh nghiệp in ấn, xuất bản
•	Các	trung	tâm nghiên cứu
"
Nhà sinh vật học,Khoa học sự sống,Biologist,2,0,2,"[3.88,  4.0, 3.88, 3.12,  4.0,  1.0, 1.25,  1.0, 3.25, 3.62, 3.12, 1.75, 1.88,
 3.12, 3.75, 3.38, 2.62, 1.62, 1.75, 2.25, 2.75, 2.75,  2.5,  4.0,  1.0, 4.62,
 2.62, 3.25,  4.0, 3.12,  3.0, 1.75,  3.0, 1.75,  4.0]",18,"Nhà sinh vật học nghiên cứu về sự sống và các hệ sinh vật. Họ tiến hành nghiên cứu, cải tiến hoặc phát triển các lí thuyết và phương pháp vận hành cũng như áp dụng kiến thức khoa học liên quan tới sinh vật học, vi sinh vật học, vi khuẩn học, tế bào học, nghiên cứu gen, động vật học, thực vật học và sinh thái học, đặc biệt trong các lĩnh vực dược và nông nghiệp.","Đây là chuyên ngành chính làm nền tảng cho các ngành nghề liên quan tới khoa học về sự sống. Nơi làm việc cụ thể của nhà sinh vật học phụ thuộc vào lĩnh vực chuyên sâu mà người đó chọn, ví dụ như phòng thí nghiệm sinh học, công ty dược phẩm, nhà máy thực phẩm, nhà máy bia… Bạn cũng có thể giảng dạy môn sinh học tại các trường ĐH, CĐ, TC, THPT, THCS."
Nhà sử học,Khoa học Nhân văn,Historian,1,2,2,"[3.75,  4.0, 3.12,  3.0, 4.12,  1.0,  1.0,  1.0, 3.25, 3.12,  3.0,  1.5, 1.62,
 2.88, 1.75,  3.0, 2.25,  1.0,  2.0,  1.5, 2.75, 1.25, 1.38, 4.75,  1.0, 2.62,
 2.38, 3.38, 3.88, 2.25, 2.25, 1.38, 2.88,  1.0,  4.0]",15,"Nhà sử học cho chúng ta biết về
quá khứ nhờ tiến hành nghiên
cứu và mô tả hoạt động của con
người trong quá khứ, như lịch
sử của cộng đồng, quốc gia,
doanh nghiệp, các thời kì và sự
kiện cụ thể, các cá nhân và ý
tưởng... Nhờ có các tư liệu lịch
sử mà chúng ta có thể hiểu hiện
tại và hoạch định tương lai","• Dạy học trong các cơ
sở giáo dục
• Các tổ chức tình
nguyện
• Các cơ quan chính phủ
• Các tổ chức quốc tế
• Các nhóm nghiên cứu
hành vi của con người
• Các viện bảo tàng
• Cơ quan lưu trữ"
Nhà thiết kế sản phẩm/ Mỹ thuật công nghiệp,Kiến trúc và xây dựng,Industrial Designer,2,2,0,"[ 3.0,  4.0, 3.75, 3.12, 3.75,  1.0, 1.88,  1.0, 2.75, 3.25, 2.75,  2.0,  2.0,
 2.75, 2.75, 3.12, 2.88,  2.0, 3.25, 2.38, 3.12, 1.88, 2.75, 3.88,  1.0, 2.62,
 2.88, 3.12,  3.5,  3.0,  3.0, 3.12, 3.25, 1.75, 3.12]",22,"Nhà thiết kế sản phẩm, còn gọi là nhà thiết kế Mỹ thuật công nghiệp, thiết kế hình thức của các sản phẩm, chuẩn bị bản vẽ và các thông số của sản phẩm để đưa vào sản xuất. Trong khi các kĩ sư công nghiệp thiết kế kết cấu, chức năng hoạt động của máy móc, sản phẩm thì nhà thiết kế Mỹ thuật công nghiệp thiết kế kiểu dáng hình thức của máy móc, sản phẩm sao cho không chỉ đẹp mà còn hiệu quả và kinh tế.","•	Hầu như tất cả các doanh nghiệp sản xuất, chế tạo máy móc, sản phẩm đều cần nhà thiết kế Mỹ thuật công nghiệp
•	Các công ty thời trang
•	Các doanh nghiệp sản xuất hàng tiêu dùng
•	Các đơn vị tổ chức trình diễn thời trang, sản phẩm
"
Nhà thiết kế thời trang,Năng khiếu nghệ thuật,Fashion Designers,1,0,0,"[3.88,  4.0, 3.75, 3.88,  4.0,  1.0, 1.62,  1.0,  3.5, 3.88, 3.12, 2.88, 2.75,
 3.75, 2.25, 3.62, 3.62,  1.0, 3.38, 2.25, 3.62, 1.38,  2.5, 3.75,  1.0, 1.12,
 3.62, 3.88, 3.88, 3.25, 3.12, 1.75, 3.75, 1.62,  3.5]",7,"Nhà thiết kế thời trang thiết kế áo quần, giày dép, phụ kiện và tạo ra những bộ sưu tập và dòng sản phẩm thời trang. Họ vẽ phác thảo, lựa chọn chất liệu, hoa văn, và chỉ dẫn cách sản xuất sản phẩm vừa thiết kế","•	Hành nghề tự do hoặc mở studio, cửa hàng riêng
•	Các doanh nghiệp thiết kế, sản xuất hàng dệt may, thời trang
•	Các doanh nghiệp xuất nhập khẩu, phân phối hàng dệt may, thời trang
•	Các đơn vị tổ chức trình diễn thời trang và xuất bản tạp chí thời trang
•	Các nhà sản xuất phim và chương trình truyền hình
•	Các nhà hát, đoàn nghệ thuật biểu diễn
•	Các cơ quan quản lí nhà nước ngành dệt may
•	Các viện, trung tâm nghiên cứu phát triển dệt may"
Nhà thiết kế và trang trí nội thất,Năng khiếu nghệ thuật,Interior Designer and Decorator,0,1,1,"[3.12,  4.0,  3.5,  3.5,  4.0,  1.0, 1.12,  1.0,  3.0, 3.25, 2.88, 2.75, 2.75,
 2.88,  3.0, 3.12, 3.38,  1.5, 3.38, 1.88,  3.5, 1.75, 2.12,  4.0,  1.0, 1.38,
 3.75, 3.75,  4.0, 2.88,  2.5, 1.88, 3.12, 1.88, 3.62]",4,"Nhà thiết kế và trang trí nội thất khảo sát mặt bằng, thiết kế nội thất và ngoại thất, đồ dùng và đồ trang trí nhà ở, nhà thương mại, công trình công cộng và công nghiệp để làm cho công trình đẹp, tiện nghi và thoải mái cho cuộc sống và công việc. Họ cũng phối hợp và tham gia xây dựng và hoàn thiện công trình. Họ cũng có thể thiết kế các sản phẩm đồ gỗ nội thất, đồ gia dụng và trang trí để sản xuất phục vụ tiêu dùng nội địa và xuất khẩu","Ví dụ về nơi làm việc:
•	Hành nghề tự do hoặc tự mở công ti
•	Các doanh nghiệp, cơ sở sản xuất đồ gỗ, đồ gia dụng và trang trí nội ngoại thất
•	Các doanh nghiệp thiết kế kiến trúc, tư vấn thiết kế, giám sát, xây dựng
•	Khách sạn, khu nghỉ dưỡng, nhà khách
•	Các doanh nghiệp sản xuất phim, chương trình truyền hình
•	Nhà hát, đoàn kịch
•	Đài truyền hình
"
Nhà thiết kế và trang trí nội thất,Năng khiếu nghệ thuật,Interior Designer and Decorator,0,1,1,"[3.12,  4.0,  3.5,  3.5,  4.0,  1.0, 1.12,  1.0,  3.0, 3.25, 2.88, 2.75, 2.75,
 2.88,  3.0, 3.12, 3.38,  1.5, 3.38, 1.88,  3.5, 1.75, 2.12,  4.0,  1.0, 1.38,
 3.75, 3.75,  4.0, 2.88,  2.5, 1.88, 3.12, 1.88, 3.62]",4,"Nhà thiết kế và trang trí nội thất khảo sát mặt bằng, thiết kế nội thất và ngoại thất, đồ dùng và đồ trang trí nhà ở, nhà thương mại, công trình công cộng và công nghiệp để làm cho công trình đẹp, tiện nghi và thoải mái cho cuộc sống và công việc. Họ cũng phối hợp và tham gia xây dựng và hoàn thiện công trình. Họ cũng có thể thiết kế các sản phẩm đồ gỗ nội thất, đồ gia dụng và trang trí để sản xuất phục vụ tiêu dùng nội địa và xuất khẩu",
Nhà thiết kế đồ họa và truyền thông đa phương tiện,Năng khiếu nghệ thuật,Graphic and Multi Media Designer,2,2,0,"[3.12, 3.62,  3.0,  3.0, 3.38,  1.0, 1.25,  1.0, 2.62, 3.12, 2.62, 1.88, 1.88,
 2.38,  2.0,  3.0, 2.88, 1.25, 3.12, 1.88, 2.88, 1.62,  2.0, 3.25,  1.0, 1.25,
 2.88, 3.12, 3.38, 2.75,  2.5,  2.0, 3.12,  1.0,  3.0]",22,"Nhà Thiết kế đồ họa và truyền thông đa phương tiện kết hợp thiết kế và những kiến thức kỹ thuật để nghiên cứu, phân tích, đánh giá, thiết kế, lập trình và sửa đổi các trang web và các ứng dụng cùng sử dụng các ký tự văn bản, đồ hoạ, sự chuyển động, hình ảnh, âm thanh và hiển thị hình ảnh và các phương tiện truyền thông tương tác khác","Các công ty đánh bắt thuỷ sản
•	Các tổ chức nghiên cứu và phát triển
•	Các tổ chức BVMT"
Nhà thống kê,Toán và Thống kê,Statistician,2,2,2,"[3.62, 3.88, 3.88, 2.88, 4.12,  1.0,  1.0,  1.0, 2.88, 3.25,  3.0, 1.75, 1.75,
 2.25, 4.75, 2.88, 1.88, 1.25, 2.75,  1.5, 2.62,  3.0, 1.75,  4.0,  1.0,  3.5,
 2.38, 2.75, 3.75,  3.0,  3.0, 1.75,  3.0,  1.0,  3.5]",24,"Nhà thống kê ứng dụng toán học vào phân tích số liệu, ví dụ như quyết định lựa chọn việc làm chịu ảnh hưởng lớn từ các yếu tố nào: mức lương hay thời hạn hợp đồng? Một nhãn hiệu trà mới có thể bán chạy ở khu vực thành thị hay nông thôn? Đây là những ví dụ thống kê đơn giản. Hầu hết các nhà nghiên cứu, hoạch định và quản lí phụ thuộc rất nhiều vào các nhà phân tích thống kê","•	Các cơ quan Nhà nước, chẳng hạn như Cục thống kê, bộ phận thống kê của các cơ quan chính quyền
•	Các tổ chức kinh doanh dự đoán nhu cầu về các sản phẩm và phân tích rủi ro, lợi nhuận khi đầu tư.
•	Hỗ trợ các nhà nghiên cứu cả trong khoa học tự nhiên và xã hội.
•	Các tổ chức nghiên cứu và giáo dục.
•	Tạp chí và báo phân tích thị trường tài chính.
•	Kênh thể thao và các hiệp hội cung cấp bình luận đi kèm với điểm phân tích, và các thông tin khác có liên quan.
"
Nhà toán học,Toán và Thống kê,Mathematician,2,2,2,"[ 4.0, 3.38, 4.12, 2.75, 4.25,  1.0,  1.0,  1.0, 3.12,  3.5, 3.38, 1.62, 1.62,
 2.25,  5.0,  3.0, 1.88,  1.0,  2.5, 1.62, 2.62,  2.5,  1.5,  4.0,  1.0, 3.62,
 1.88, 2.75, 3.38, 3.25, 3.12, 1.62, 2.75,  1.0,  3.5]",24,"Toán học là nền tảng cho tất cả các ngành khoa học. Toán học có thể nặng về lí thuyết hoặc thiên về ứng dụng. Ví dụ như trong một thùng hình vuông có thể chứa bao nhiêu quả táo hình tròn? Bài toán ứng dụng này có ý nghĩa rất lớn đối với những người hàng ngày phải đóng gói và chuyển đi hàng triệu quả táo. Đó là vấn đề mà một nhà toán học cần giải quyết. Các nhà toán học và các nhà nghiên cứu liên quan tới toán học tiến hành nghiên cứu và phát triển các khái niệm toán học và tính toán rủi ro (xem thêm nghề Thống kế bảo hiểm), các lí thuyết, các phương pháp và kĩ thuật vận hành. Họ tư vấn cho các chuyên gia hoạt động trong nhiều lĩnh vực như kĩ thuật, kinh doanh, y tế, khoa học, đời sống tự nhiên và xã hội. Nhiệm vụ cụ thể của một nhà toán học phụ thuộc vào lĩnh vực cụ thể mà người đó chuyên sâu.","•	Các viện hàn lâm.
•	Các tổ chức nghiên cứu
•	Nghiên cứu và phát triển công nghiệp
•	Các công ty bảo hiểm
•	Giảng dạy nghiên cứu tại các trường ĐH"
Nhà trắc địa bản đồ,Kỹ thuật,Cartographers and Surveyors,1,2,0,"[3.38, 3.88, 3.75,  3.0, 3.88, 1.88,  2.0,  1.0,  3.0, 3.62,  3.0, 1.75, 1.75,
 2.75, 4.12, 3.38,  2.0, 2.75, 1.88, 2.75, 2.25, 2.38, 2.88,  4.0, 1.88, 3.12,
 2.75, 2.75, 3.38, 3.12, 3.12, 1.75, 2.88, 1.88, 3.62]",13,"Nhà trắc địa bản đồ sử dụng các phương pháp và kĩ thuật khảo sát để xác định vị trí chính xác của các phân vùng tự nhiên, phân vùng xây dựng, ranh giới đất, nước, trong lòng đất, xây dựng và chỉnh sửa bản đồ kĩ thuật số, đồ họa và ảnh.","•	Cơ quan khí tượng thủy văn
•	Cơ quan trắc địa, bản đồ
•	Các	doanh nghiệp, đơn vị thăm dò khảo sát dầu khí, khảo sát biển và công trình biển
"
Nhà tâm lí học,Khoa học xã hội và hành vi,Psychologist,2,2,2,"[3.66, 4.34, 3.79, 3.54, 4.13,  1.0, 1.08,  1.0, 3.25, 3.87, 3.46, 1.71, 1.71,
 2.87, 2.79, 3.92, 3.17, 1.04, 2.21, 1.79,  3.5, 2.04, 1.67, 4.33,  1.0, 2.67,
 3.54, 4.04, 4.21, 3.33, 3.29, 1.66, 3.42, 1.04,  4.0]",24,"Nhà tâm lí học nghiên cứu các quá trình tâm lí và hành vi của cá nhân hoặc nhóm người. Họ áp dụng kiến thức này để thúc đẩy, điều chỉnh sự phát triển của cá nhân, xã hội, giáo dục hoặc nghề nghiệp","•	Bệnh viện
•	Các công ti, nhà máy và ngành công nghiệp
•	Các tổ chức giáo dục
•	Dịch vụ quốc phòng
•	Hành nghề cá nhân
"
Nhà tư vấn nghề nghiệp,Khoa học xã hội và hành vi,Career Counsellor,2,2,1,"[3.88, 4.38, 3.88, 3.88,  4.0,  1.0,  1.0,  1.0, 3.88, 3.88, 3.75,  1.5,  1.5,
  3.0, 2.12, 3.75, 3.75,  1.0, 1.12, 1.88, 3.88, 1.75, 1.12, 4.12,  1.0, 1.62,
 4.12, 4.25, 4.25, 3.25, 3.12, 1.75, 3.38,  1.0,  4.0]",23,"Nhà tư vấn nghề nghiệp áp dụng các nguyên tắc tâm lí học nghề nghiệp để giúp khách hàng hiểu bản thân mình, hiểu thế giới nghề nghiệp, xây dựng các phương án chọn nghề và chuẩn bị cho nghề nghiệp. Họ phỏng vấn khách hàng, cho làm bản câu hỏi và xác định năng lực hướng nghiệp, cung cấp thông tin về các nghề nghiệp khác nhau. Họ làm việc với khách hàng vào những thời điểm quan trọng trong việc quyết định nghề nghiệp (ví dụ như cuối trung học phổ thông, trung học cơ sở, sau khi tốt nghiệp các cơ sở đào tạo). Họ cũng có thể giúp những người đang có vấn đề về nghề nghiệp (ví dụ như những người không thích nghề của mình, người mất việc làm). Họ có thể tư vấn cá nhân hoặc tư vấn nhóm.","•	Trung tâm dịch vụ việc làm, tư vấn	nghề nghiệp
•	Cơ quan Nhà nước về lao động
•	Các phòng khám tâm lí
•	Trung tâm phục hồi chức năng
•	Trường học
•	Các tổ chức phát	triển
thanh thiếu niên
•	Các tổ chức phát triển, phi chính phủ, tổ chức quốc tế
"
Nhà tư vấn tâm lí,Khoa học xã hội và hành vi,Counsellor,0,0,1,"[ 3.5, 4.75, 3.62, 3.25, 3.75,  1.0,  1.0,  1.0, 3.12, 3.88, 3.25, 1.62, 1.62,
 2.88,  2.0, 3.88, 3.12,  1.0, 2.75, 1.62,  3.5, 1.62, 1.88, 4.12,  1.0, 2.88,
  4.0, 4.88, 4.25, 3.12, 3.25, 1.62,  3.0,  1.0,  4.0]",1,"Nhà tư vấn tâm lí hướng dẫn hoặc tư vấn cho các cá nhân nhằm giúp họ đối phó với những khó khăn về tâm lí, tình cảm và căng thẳng liên quan đến cuộc sống hàng ngày. Những khó khăn đó có thể liên quan đến học tập, nghề nghiệp, hôn nhân, cuộc sống gia đình và phát triển cá nhân","•	Các phòng khám và bệnh viện, làm việc với những người trong tình trạng suy sụp tinh thần
•	Các cơ sở giáo dục, hỗ trợ tư vấn học đường
•	Các doanh nghiệp, nhà máy, giúp nhân viên đối phó tốt hơn với căng thẳng liên quan tới công việc
•	Các tổ chức phi chính phủ, tổ chức quốc tế liên quan tới trẻ em, thanh niên, người tàn tật, người già, phụ nữ, người nghiện ma túy và thích
•	Hành nghề cá nhân
"
Nhân viên bán hàng,Kinh doanh và Quản lý,Marketing and Sales Assistant,1,0,0,"[2.75, 3.75,  3.0, 2.75, 3.12, 1.62,  1.0,  1.0, 2.12, 2.88,  2.0, 1.75, 1.75,
  2.0, 2.62, 2.88, 2.75, 2.75, 1.12,  2.5, 2.88,  1.0,  2.0,  3.0, 1.25,  1.0,
 3.12,  3.0, 3.62,  2.0,  2.0, 1.38,  3.0,  2.0, 2.75]",7,"Nhân viên marketing và bán hàng
trong cửa hàng và tại các cơ sở
bán lẻ trực tiếp bán nhiều loại
hàng hóa và dịch vụ cho khách
hàng, giới thiệu chức năng và
chất lượng hàng hóa và dịch vụ
cho khách hiểu.","• Tất cả các cửa
hàng
• Trung tâm
thương mại
• Điểm bán hàng
• Các siêu thị
• Bán hàng trên
mạng"
Nhân viên công tác xã hội,Dịch vụ xã hội,Social Worker,0,0,0,"[3.38, 4.88, 3.88, 3.75, 4.12,  1.0,  1.0,  1.0, 3.12,  4.0, 3.12, 1.38, 1.38,
 2.88,  2.0, 3.88, 3.75,  2.0, 2.62, 2.12, 3.75, 1.38, 1.75,  4.0,  1.0, 2.25,
  4.0, 4.12,  4.5, 3.12, 2.88,  1.5, 3.75,  1.5, 3.75]",0,"Nhân viên công tác xã hội làm việc với các nhóm và cộng đồng. Họ tìm hiểu các vấn đề xã hội, hướng dẫn cho đối tượng gặp khó khăn trong các vấn đề xã hội và vấn đề liên quan nhằm giúp họ tìm kiếm và sử dụng các nguồn lực để vượt qua khó khăn và đạt được mục tiêu cụ thể.","•	Các tổ chức phi chính phủ, tổ chức	tình nguyện, tổ chức quốc tế có chương trình hỗ trợ xã hội, phát triển cộng đồng
•	Trung tâm cộng đồng
•	Bệnh viện
•	Các	doanh nghiệp		có
chương trình trách nhiệm xã hội của doanh nghiệp (CSR)
•	Các tổ chức, đoàn thể có chức năng chăm sóc, bảo trợ xã hội cho hội viên, khách hàng như đoàn thanh niên, hội phụ nữ, hội người khuyết tật…"
Nhân viên giao dịch ngân hàng,Kinh doanh và Quản lý,Bank Teller and Related Clerks,1,1,0,"[2.88,  3.5, 2.88, 2.88, 3.12,  1.0,  1.0,  1.0, 2.88, 2.88, 2.25, 1.62,  1.5,
 2.38,  3.0, 3.12,  2.5,  2.0, 1.12,  2.0, 2.75, 1.25, 1.88, 3.12,  1.0,  1.0,
 3.12, 3.12, 3.25, 2.12, 2.38, 1.38,  3.0,  1.5,  3.0]",10,"Nhân viên giao dịch ngân hàng và các nghề liên quan làm việc trực tiếp với khách hàng đến ngân hàng hoặc các bưu điện giao dịch, thực hiện các giao dịch liên quan tới nhận, gửi, chuyển, qui đổi và rút tiền.","•	Xử lí giao dịch trong các ngân hàng	quốc doanh, cổ phần, nước ngoài…
•	Công việc liên quan tới chuyển hàng và chuyển tiền trong bưu điện."
Nhân viên marketing,Kinh doanh và Quản lý,Marketing Assistant,1,0,0,"[2.75, 3.75,  3.0, 2.75, 3.12, 1.62,  1.0,  1.0, 2.12, 2.88,  2.0, 1.75, 1.75,
  2.0, 2.62, 2.88, 2.75, 2.75, 1.12,  2.5, 2.88,  1.0,  2.0,  3.0, 1.25,  1.0,
 3.12,  3.0, 3.62,  2.0,  2.0, 1.38,  3.0,  2.0, 2.75]",7,"Nhân viên marketing và bán hàng
trong cửa hàng và tại các cơ sở
bán lẻ trực tiếp bán nhiều loại
hàng hóa và dịch vụ cho khách
hàng, giới thiệu chức năng và
chất lượng hàng hóa và dịch vụ
cho khách hiểu.","• Tất cả các cửa
hàng
• Trung tâm
thương mại
• Điểm bán hàng
• Các siêu thị
• Bán hàng trên
mạng"
Nhân viên văn phòng,Kinh doanh và Quản lý,Office clerk,1,0,0,"[2.75, 3.75, 2.62,  3.0,  3.0,  1.0,  1.0,  1.0, 2.75, 2.75, 2.12, 1.62, 1.88,
 2.12, 2.12, 2.88, 2.62, 1.38, 1.12, 2.12, 2.62, 1.25, 1.75, 3.75,  1.0,  1.0,
  3.0,  3.0, 3.62,  2.0,  2.0, 1.38,  3.0,  1.5, 3.12]",7,"Nhân viên văn phòng làm việc trong lĩnh vực hành chính văn phòng, thực hiện các công việc thuộc hành chính của các cơ quan, tổ chức, công ty…","•	Các cơ quan, công sở, công ty, tập đoàn
•	Các tổ chức xã hội, nghề nghiệp
•	Các đơn vị sản xuất
•	Các khu du lịch, khách sạn…
"
Phi công,,Pilot,1,2,2,"[ 3.5, 3.79, 3.46, 3.42, 3.83, 2.16, 1.58, 1.13, 3.04, 3.71, 3.04, 1.91, 2.17,
 2.96, 2.75, 3.87, 2.63, 4.37, 1.83, 4.04, 2.83, 1.67, 2.95, 3.58, 1.79,  2.5,
 2.88, 3.12, 3.62, 3.04, 2.83, 1.75, 3.33,  3.0, 3.04]",15,"Phi công phương tiện bay và kĩ thuật viên hỗ trợ liên quan kiểm soát hoạt động của các thiết bị cơ khí, điện và điện tử để điều khiển phương tiện bay vận chuyển hành khách, thư tín, hàng hóa và thực hiện các nhiệm vụ trước và trong khi bay.","•	Quân đội
•	Các hãng hàng không dân dụng
•	Các công ty bay dịch vụ
•	Các tổ chức, cá nhân có máy bay riêng
"
Phiên dịch,Khoa học Nhân văn,Interpreter,1,0,1,"[3.12,  4.0,  3.0,  3.0, 3.62,  1.0,  1.0,  1.0,  3.0, 3.12,  3.0, 1.25, 1.25,
 2.75,  2.0, 3.62, 2.38,  1.0, 1.62,  2.0, 2.88, 1.12,  2.0, 3.88,  1.0, 1.12,
 3.12, 3.12, 4.12, 2.12, 2.12, 1.88,  3.0, 1.25, 3.75]",8,"Biên dịch và phiên dịch nghiên
cứu nguồn gốc, sự phát triển và
cấu trúc của các ngôn ngữ, dịch
viết và dịch nói từ ngôn ngữ này
sang ngôn ngữ khác","• Các doanh
nghiệp có bộ
phận dịch thuật
• Các công ty tổ
chức sự kiện
• Các doanh nghiệp
có vốn đầu tư
nước ngoài
• Các doanh
nghiệp thường
xuyên giao dịch
với khách hàng
nước ngoài
• Vụ, phòng, bộ
phận quan hệ
quốc tế của các cơ
quan Nhà nước
• Các tổ chức quốc
tế như các cơ
quan Liên Hợp
Quốc, tổ chức phi
chính phủ, tổ
chức tài trợ..."
Quản lí bán hàng,Kinh doanh và Quản lý,Sales Manager,1,2,2,"[3.75,  4.0, 3.75, 3.88, 3.88,  1.0,  1.0,  1.0, 3.62, 3.75, 3.25,  3.0, 2.88,
 3.75,  3.0, 3.75, 3.88, 1.75, 2.62, 1.75, 4.12, 1.62, 1.75, 3.88,  1.0, 1.62,
 3.88, 3.88,  4.0, 3.62, 3.62, 1.75,  3.5,  1.0, 3.62]",15,"Nhà quản lí bán hàng và marketing lập kế hoạch, chỉ đạo và điều phối hệ thống phân phối nhằm đảm bảo hàng hóa của doanh nghiệp đến nhà kho, cửa hàng và cuối cùng là đến với người tiêu dùng","•	Các	doanh nghiệp Nhà nước và tư nhân kinh doanh thương mại (bán lẻ hoặc bán buôn trong nước, xuất nhập khẩu)
•	Bộ phận bán hàng tiếp thị của các	doanh nghiệp sản xuất
•	Các	doanh nghiệp kinh doanh dịch vụ như giáo dục, y tế, tài chính, tư vấn môi giới, cho thuê…
"
"Quản lí khách sạn, nhà hàng","Du lịch, khách sạn, thể thao và dịch vụ cá nhân",Hotel Manager,0,1,2,"[3.75, 4.12, 3.75, 3.88, 3.75, 1.38, 1.38,  1.0, 3.75, 3.75, 3.38, 2.88,  3.0,
  4.0, 2.62, 3.75, 3.88, 2.12, 1.75, 2.38, 3.75, 1.62, 2.62, 3.88, 1.38,  1.0,
 4.12,  4.0,  4.0, 3.12, 3.38, 1.88, 3.75, 1.88, 3.88]",5,"Quản lí khách sạn, nhà hàng lập kế hoạch, chỉ đạo và phối hợp các hoạt động kinh doanh của khách sạn, nhà hàng theo lĩnh vực chuyên môn. Họ có thể quản lí chung hoặc chuyên về một nghiệp vụ như tiền sảnh (đặt phòng cho khách ở khách sạn), nhà hàng Âu, nhà hàng Á, quầy đồ uống, quán cà phê (chuẩn bị và phục vụ đồ ăn, uống cho khách), buồng phòng (đảm bảo dịch vụ buồng, phòng cho khách), bếp nóng, bếp nguội, bếp bánh (mua nguyên liệu và chế biến món ăn cho khách)... Nhiệm vụ cụ thể của quản lí khách sạn, nhà hàng thay đổi tùy theo bộ phận mà người đó phụ trách.","•	Khách sạn
•	Khu Resorts
•	Khu du lịch y tế
•	Khu du lịch nghỉ dưỡng
•	Hãng hàng hải, hàng không
•	Dịch vụ nhà khách ở các công ti"
Quản lí marketing,Kinh doanh và Quản lý,Marketing Manager,2,2,2,"[3.88, 3.88, 3.62,  3.5, 3.88,  1.0,  1.0,  1.0,  3.0, 3.75, 3.12, 2.88, 2.62,
 3.38, 2.75, 3.75, 3.62,  1.0, 3.38, 1.75, 3.75, 1.88, 1.88, 3.88,  1.0, 1.75,
 3.12, 3.88, 3.88, 3.25,  3.5, 1.75,  3.5,  1.0, 3.25]",24,"Nhà quản lí bán hàng và marketing lập kế hoạch, chỉ đạo và điều phối hệ thống phân phối nhằm đảm bảo hàng hóa của doanh nghiệp đến nhà kho, cửa hàng và cuối cùng là đến với người tiêu dùng","•	Các	doanh nghiệp Nhà nước và tư nhân kinh doanh thương mại (bán lẻ hoặc bán buôn trong nước, xuất nhập khẩu)
•	Bộ phận bán hàng tiếp thị của các	doanh nghiệp sản xuất
•	Các	doanh nghiệp kinh doanh dịch vụ như giáo dục, y tế, tài chính, tư vấn môi giới, cho thuê…
"
Quản lí nhân sự,Kinh doanh và Quản lý,Human Resource Manager,2,2,2,"[3.75, 4.12, 3.88, 3.88, 3.75,  1.0,  1.0,  1.0, 3.38,  4.0, 3.25, 2.88, 2.38,
 4.12, 2.62, 3.62, 3.88, 1.25, 2.25, 1.75, 3.62, 1.75, 1.62,  4.0,  1.0, 1.62,
 3.38, 3.88, 4.12, 3.62, 3.75, 1.75, 3.62,  1.0, 3.88]",24,"Nhà quản lí nhân sự lập kế hoạch, điều phối các hoạt động của một tổ chức để thực hiện chiến lược nhân lực một cách tốt nhất.","•	Tất cả các doanh nghiệp vừa và lớn đều cần nhà quản lí nhân sự
•	Các	doanh nghiệp, công ty tư vấn tuyển dụng, nhân sự
"
Quản lí nông nghiệp,"Nông, Lâm nghiệp, Thủy sản",Agriculture Manager,0,1,2,"[3.29, 3.58, 3.42,  3.5, 3.88, 2.13, 2.21, 1.08, 3.21, 3.75, 3.04, 2.88, 2.83,
  3.5, 2.71, 3.79, 3.25, 2.87, 2.37, 3.13, 3.25, 1.63, 2.96, 3.46, 2.08, 2.88,
 2.87, 3.33, 3.87, 3.08, 3.16, 1.75, 3.63, 2.38, 3.17]",5,"Nhà quản lí nông nghiệp là người làm chủ hoặc đại diện cho chủ sở hữu các trang trại, nông trường. Họ chịu trách nhiệm quản lí chung, lập kế hoạch, chỉ đạo và điều phối các hoạt động sản xuất kinh doanh.","•	Làm việc trong các trang trại tư nhân và Chính phủ liên quan đến sản xuất, lưu kho và tiếp thị
•	Làm việc cho các công ty liên quan đến nông nghiệp- kinh doanh, chế biến thực phẩm, sản xuất giống và cung cấp dịch vụ tư vấn cho ngành nông nghiệp
•	Làm việc trong các tổ chức quốc tế với vai trò tư vấn
"
Thư kí hành chính,Kinh doanh và Quản lý,Secretary,2,1,0,"[2.88,  4.0, 2.88, 3.12,  3.0,  1.0,  1.0,  1.0, 2.12,  3.0, 2.12, 1.62, 1.75,
 2.62,  2.0, 3.12, 2.38, 1.25, 1.88, 1.88, 2.25, 1.62, 1.88, 3.88,  1.0,  1.0,
  3.5,  3.0,  4.0,  2.0,  2.0,  1.5,  3.5,  1.0, 3.75]",19,"Thư kí là người hỗ trợ công việc
hành chính cho những người
khác trong một tổ chức. Họ đóng
vai trò quan trọng vì hoạt động
của toàn bộ tổ chức phụ thuộc
vào hiệu quả làm việc của họ. Ví
dụ, thư kí điều hành là một
chuyên gia cấp cao trong một tổ
chức và hỗ trợ người đứng đầu tổ
chức điều hành công ty","• Tất cả các tổ chức
đều cần một thư
kí tốt."
Thợ thẩm mĩ (Làm đẹp),,Cosmetologist,0,0,0,"[3.25, 3.88, 3.0, 2.88, 3.38, 1.38, 1.75, 1.0, 2.88, 3.25, 2.88, 1.5, 1.88, 2.5, 2.38, 3.0, 2.75, 1.38, 2.5, 2.0, 2.88, 1.38, 1.62, 3.0, 1.0, 1.62, 3.62, 3.12, 3.75, 2.25, 2.25, 1.75, 3.0, 1.5, 2.88]",0,"Thợ thẩm mĩ, còn gọi là thợ làm đẹp, cắt và tạo dáng tóc, râu, chăm sóc sắc đẹp, sử dụng mĩ phẩm và trang điểm, và thực hiện các dịch vụ và liệu pháp chăm sóc khác cho khách hàng để cải thiện ngoại hình của họ.",Theo học CĐ chuyên ngành Chăm sóc sắc đẹp; Kĩ thuật vật lí trị liệu.
Thợ vận hành máy sản xuất hàng dệt may và da giày,,Textile machine operator,0,0,0,"[2.25,  3.0, 2.53, 2.75, 2.94, 2.66, 2.37, 1.59, 2.19, 2.75, 2.06, 1.66, 1.66,
 2.28, 2.06, 3.09, 1.91, 3.28, 1.84, 3.59, 1.94, 1.19, 3.03, 2.62, 2.56, 1.25,
 2.06, 2.56,  3.0, 2.16, 2.09, 1.47, 2.69, 2.75, 2.41]",0,"Thợ vận hành máy sản xuất hàng dệt may và da giày làm công việc vận hành và giám sát hoạt động của các máy móc thiết bị chế biến và xử lí sợi, vải, da và lông thú; sản xuất và hoàn thiện sản phẩm may mặc, giày dép và phụ kiện; sửa chữa, giặt là và làm sạch hàng dệt may, lông và đồ da.","•        Các        doanh nghiệp sản xuất sợi, dệt, nguyên phụ liệu dệt may
•        Các        doanh nghiệp sản xuất hàng may mặc công nghiệp
•        Các cơ sở, doanh nghiệp thuộc
da, sản xuất da lông thú và vải giả da
•	Các	doanh nghiệp sản xuất giày, sản phẩm da và phụ kiện
•	Các cơ sở, doanh nghiệp gia công sản phẩm hoặc bán thành phẩm may mặc, da giày và phụ kiện
"
Thợ đường ống,,Plumbers and Pipe Fitters,1,2,0,"[2.62, 2.88,  3.0,  3.0,  3.5, 2.62, 2.75, 2.75, 2.62, 3.25, 2.38, 1.88, 1.88,
  2.5, 2.62, 3.12,  2.0,  3.0, 1.75,  3.0, 2.25,  1.5, 2.75, 2.88, 3.25, 1.75,
 2.75, 2.75,  3.0, 2.88, 2.88, 1.88,  3.0, 3.25, 2.75]",13,"Thợ đường ống lắp đặt, thay thế và bảo dưỡng hệ thống ống dẫn và máy móc cho đường cấp nước, khí đốt, hệ thống thoát nước, hệ thống cống rãnh và thiết bị chạy bằng sức nước và khí nén.","•	Các công ty xây dựng
•	Các công ty lắp đặt, sửa chữa
•	Nhà máy lọc dầu
•	Tự mở cơ sở hoặc hành nghề tư nhân
"
Thủ quỹ,Kinh doanh và Quản lý,Treasurer,2,2,2,"[3.62, 3.88, 4.12, 3.38, 4.12,  1.0,  1.0,  1.0, 2.88, 4.12,  3.0,  4.0, 2.75,
 3.12, 3.75, 3.88, 3.12, 1.12, 2.62, 1.88,  3.0, 1.62, 1.88, 4.12,  1.0, 1.25,
 2.75, 3.12,  4.0, 3.25, 3.62, 1.62, 3.38,  1.0, 3.62]",24,"Thủ quỹ là người kiểm soát toàn bộ hoạt động thu chi phát sinh trong doanh nghiệp như kiểm tra phiếu Thu, phiếu Chi, ký xác nhận, giao các liên, tạm ứng, … Thủ quỹ quản lý, lưu trữ toàn bộ giấy tờ liên quan khác trong quá trình này.","•	Các doanh nghiệp trong nước, có vốn đầu tư nước ngoài
•	Các cơ quan Nhà nước
•	Hành nghề độc lập"
Thủ thư và nhân viên thư viện,Báo chí – Thông tin – Truyền thông,Librarian and Library Clerk,2,0,1,"[3.25, 3.88,  3.0, 2.88, 3.62, 1.12, 1.12, 1.12, 3.12, 3.12, 2.88, 2.25, 2.75,
 2.62,  2.0, 3.38,  2.5, 1.12, 1.88, 1.75, 2.62,  2.0, 1.38, 3.88,  1.0, 1.12,
 3.38, 3.25, 3.88, 2.25, 2.38, 1.62, 3.12, 1.25, 3.62]",17,"Thủ thư và nhân viên thư viện là
những người thu thập và lưu trữ
các tài liệu; ghi lại hoặc cho mượn
và thu lại sách báo, tài liệu; lấy và
cung cấp thông tin theo yêu cầu.
Họ còn được gọi bằng một thuật
ngữ khác rộng hơn là người quản
lí tài liệu","• Thư viện các
trường ĐH, CĐ
• Thư viện công
cộng hoặc tư nhân
• Các cơ quan
nghiên cứu và
phát triển
• Các doanh nghiệp
• Thư viện số (sử
dụng mạng
Internet)"
Tiếp viên hàng không hoặc tiếp viên trên phương tiện vận tải,"Du lịch, khách sạn, thể thao và dịch vụ cá nhân",Flight Attendants,1,1,0,"[3.12, 3.88, 2.88, 3.62, 3.12,  1.0,  1.0,  1.0, 2.88,  3.0, 2.75, 1.88, 1.88,
  2.5,  2.0, 3.88, 2.88,  2.0, 1.62, 2.38,  3.0, 1.38, 2.12, 3.12,  1.0, 1.38,
 3.75, 3.75, 4.12,  2.0,  2.0, 1.75, 3.12,  2.0,  3.0]",10,"Tiếp viên, còn gọi là chiêu đãi viên, là người trực tiếp cung cấp dịch vụ cá nhân nhằm đảm bảo sự an toàn và thoải mái của hành khách. Họ phục vụ bữa ăn, đồ uống trên máy bay và trên tàu.","•	Các hãng hàng không trong nước và quốc tế
•	Các sân bay
•	Các tàu du lịch, du thuyền
•	Các chuyến xe lửa cao cấp và xe buýt du lịch
"
Y tá,Chăm sóc sức khỏe,Nurse ,0,2,1,"[3.68, 4.03, 3.63, 3.85, 3.95,  1.0, 1.48, 1.05, 3.35,  3.8, 3.25, 1.87,  2.0,
 2.88, 2.78,  3.9, 3.07,  2.3, 2.05,  2.8, 3.08, 1.55, 2.28, 3.93, 1.02, 2.85,
  4.0, 4.07, 3.98, 3.05, 2.98,  1.8, 3.35, 1.75, 3.55]",6,"Y tá hỗ trợ các bác sĩ khi họ thực hiện nhiệm vụ và phục vụ các bệnh nhân bị ốm, bị thương hoặc khuyết tật. Trong các y tá có hộ sinh là người hỗ trợ quá trình sinh nở, chăm sóc bà mẹ và trẻ em trước và sau khi sinh, hướng dẫn gia đình trong việc chăm sóc bà mẹ và trẻ sơ sinh.","•	Bệnh viện
•	Phòng khám
•	Trung tâm phục hồi chức năng
•	Trung tâm y tế cộng đồng
•	Các cơ quan quản lí Nhà nước về y tế
•	Các trường ĐH, CĐ và TC y"
Đại lí bảo hiểm,Kinh doanh và Quản lý,Insurance Agent,1,1,0,"[ 3.0, 3.88, 2.88,  3.0, 3.75,  1.0,  1.0,  1.0, 2.62,  3.0, 2.75, 1.25, 1.12,
  2.0,  3.0, 2.88, 3.25, 1.75, 1.88, 1.75, 3.62, 1.75, 1.12,  4.0,  1.0, 1.12,
 3.38, 3.12, 3.88, 2.75, 2.75, 1.75,  3.5,  1.0, 3.62]",10,"Đại lí bảo hiểm bán bảo hiểm nhân thọ, tai nạn, ô tô, trách nhiệm dân sự, hỏa hoạn, hàng hải và sản phẩm bảo hiểm khác cho các khách hàng mới và khách hàng hiện hữu",•	Các công ty bảo hiểm tư nhân hoặc Nhà nước
Đại lí du lịch và lữ hành,"Du lịch, khách sạn, thể thao và dịch vụ cá nhân",Travel and Tourism Agent,1,0,0,"[3.12, 4.12,  3.0, 3.12, 3.12,  1.0, 1.12,  1.0, 2.62, 3.38,  2.5, 2.12, 1.75,
 1.88, 2.88,  3.0, 3.12, 1.62, 1.75, 1.75, 3.62, 1.75, 1.25,  4.0,  1.0, 1.25,
 4.12, 3.75,  4.0, 2.38, 2.25, 1.75,  3.0,  1.0, 3.12]",7,"Đại lí du lịch và lữ hành tiến hành tư vấn và tổ chức tour du lịch, lập kế hoạch hành trình và lịch trình đi lại, ăn nghỉ cho khách du lịch, tổ chức hoặc bán tour du lịch trọn gói cho khách.","•	Trong các bộ phận du lịch của các công ty và cơ quan Nhà nước
•	Đại lí du lịch
•	Khu resort và nghỉ dưỡng
•	Các hãng hàng không
•	Các tổ chức liên quan đến du lịch"
"Đạo diễn phim, sân khấu",Năng khiếu nghệ thuật,Director: Film/ Stage,2,2,2,"[3.25, 4.38, 3.38, 3.88,  4.0,  1.0, 1.75,  1.0, 2.88,  3.5, 3.12,  3.0, 2.75,
 3.62,  2.5,  4.0, 3.25, 1.88, 2.12, 2.25,  3.0, 1.75,  2.5,  4.0,  1.0, 1.12,
  3.0, 3.88,  4.0,  3.5, 3.25,  2.0, 3.62, 1.75, 3.75]",24,"Đạo diễn phim, sân khấu, còn gọi
là đạo diễn và nhà sản xuất điện
ảnh, sân khấu, là người chỉ đạo và
sản xuất phim, các tác phẩm
truyền hình, phát thanh và
chương trình biểu diễn trên sân
khấu","• Các doanh
nghiệp quảng
cáo
• Bộ phận truyền
thông trong các
cơ quan Nhà
nước
• Các xưởng sản
xuất phim
• Các đoàn kịch,
đoàn nghệ thuật"
Đầu bếp,,Cook,0,0,0,"[3.12, 3.75, 3.25,  4.0, 3.75,  2.0, 2.12,  1.0, 3.25, 3.62, 3.12,  3.0, 3.12,
 3.62, 3.12, 3.88, 3.25, 2.25,  2.5,  3.0, 3.12,  1.5, 3.25, 3.12, 1.88, 1.62,
 3.38, 3.62, 3.88,  3.0, 2.88, 1.75, 3.88,  2.0, 3.12]",0,"Thợ đầu bếp chế biến và làm các món ăn, hiểu biết về dinh dưỡng, đảm bảo các món ăn ngon, an toàn thực phẩm và đầy đủ chất dinh dưỡng cần thiết.","•	Các nhà hàng, khách sạn
•	Các bếp ăn lớn
•	Các khu du lịch, nghỉ	dưỡng, resort
•	Các tổ chức, tập đoàn, cơ quan, công ty phục vụ nhiều công nhân, nhân viên
"
